sample_name,sample_title,organism,isolate,breed,isolation_source,collection_date,geo_loc_name,tissue,age,description,method,fileName
Ht1.L1.C.tp1.1,s1_S39,Acropora millepora,Ht1_L1_C_tp1_1,L1,Little Pioneer Bay near Orpheus Island Research Station,11/25/18,Australia,nubbin,adult,experiment=heat1;colony=L1;treatment=;replicate=1;timepoint=1,Method=Tagseq;experiment=heat1;colony=L1;treatment=;replicate=1;timepoint=1,s1_S39.fastq.gz
Ht1.L1.C.tp1.2,s2_S40,Acropora millepora,Ht1_L1_C_tp1_2,L1,Little Pioneer Bay near Orpheus Island Research Station,11/25/18,Australia,nubbin,adult,experiment=heat1;colony=L1;treatment=;replicate=2;timepoint=1,Method=Tagseq;experiment=heat1;colony=L1;treatment=;replicate=2;timepoint=1,s2_S40.fastq.gz
Ht1.L1.C.tp1.3,s3_S41,Acropora millepora,Ht1_L1_C_tp1_3,L1,Little Pioneer Bay near Orpheus Island Research Station,11/25/18,Australia,nubbin,adult,experiment=heat1;colony=L1;treatment=;replicate=3;timepoint=1,Method=Tagseq;experiment=heat1;colony=L1;treatment=;replicate=3;timepoint=1,s3_S41.fastq.gz
Ht1.N2.C.tp1.1,s4_S42,Acropora millepora,Ht1_N2_C_tp1_1,N2,North East Orpheus near Orpheus Island Research Station,11/25/18,Australia,nubbin,adult,experiment=heat1;colony=N2;treatment=;replicate=1;timepoint=1,Method=Tagseq;experiment=heat1;colony=N2;treatment=;replicate=1;timepoint=1,s4_S42.fastq.gz
Ht1.N2.C.tp1.2,s5_S43,Acropora millepora,Ht1_N2_C_tp1_2,N2,North East Orpheus near Orpheus Island Research Station,11/25/18,Australia,nubbin,adult,experiment=heat1;colony=N2;treatment=;replicate=2;timepoint=1,Method=Tagseq;experiment=heat1;colony=N2;treatment=;replicate=2;timepoint=1,s5_S43.fastq.gz
Ht1.N2.C.tp1.3,s6_S44,Acropora millepora,Ht1_N2_C_tp1_3,N2,North East Orpheus near Orpheus Island Research Station,11/25/18,Australia,nubbin,adult,experiment=heat1;colony=N2;treatment=;replicate=3;timepoint=1,Method=Tagseq;experiment=heat1;colony=N2;treatment=;replicate=3;timepoint=1,s6_S44.fastq.gz
Ht1.L1.T.tp1.1,s7_S45,Acropora millepora,Ht1_L1_T_tp1_1,L1,Little Pioneer Bay near Orpheus Island Research Station,11/25/18,Australia,nubbin,adult,experiment=heat1;colony=L1;treatment=;replicate=1;timepoint=1,Method=Tagseq;experiment=heat1;colony=L1;treatment=;replicate=1;timepoint=1,s7_S45.fastq.gz
Ht1.L1.T.tp1.2,s8_S46,Acropora millepora,Ht1_L1_T_tp1_2,L1,Little Pioneer Bay near Orpheus Island Research Station,11/25/18,Australia,nubbin,adult,experiment=heat1;colony=L1;treatment=;replicate=2;timepoint=1,Method=Tagseq;experiment=heat1;colony=L1;treatment=;replicate=2;timepoint=1,s8_S46.fastq.gz
Ht1.L1.T.tp1.3,s9_S47,Acropora millepora,Ht1_L1_T_tp1_3,L1,Little Pioneer Bay near Orpheus Island Research Station,11/25/18,Australia,nubbin,adult,experiment=heat1;colony=L1;treatment=;replicate=3;timepoint=1,Method=Tagseq;experiment=heat1;colony=L1;treatment=;replicate=3;timepoint=1,s9_S47.fastq.gz
Ht1.N2.T.tp1.1,s10_S48,Acropora millepora,Ht1_N2_T_tp1_1,N2,North East Orpheus near Orpheus Island Research Station,11/25/18,Australia,nubbin,adult,experiment=heat1;colony=N2;treatment=;replicate=1;timepoint=1,Method=Tagseq;experiment=heat1;colony=N2;treatment=;replicate=1;timepoint=1,s10_S48.fastq.gz
Ht1.N2.T.tp1.2,s11_S49,Acropora millepora,Ht1_N2_T_tp1_2,N2,North East Orpheus near Orpheus Island Research Station,11/25/18,Australia,nubbin,adult,experiment=heat1;colony=N2;treatment=;replicate=2;timepoint=1,Method=Tagseq;experiment=heat1;colony=N2;treatment=;replicate=2;timepoint=1,s11_S49.fastq.gz
Ht1.N2.T.tp1.3,s12_S50,Acropora millepora,Ht1_N2_T_tp1_3,N2,North East Orpheus near Orpheus Island Research Station,11/25/18,Australia,nubbin,adult,experiment=heat1;colony=N2;treatment=;replicate=3;timepoint=1,Method=Tagseq;experiment=heat1;colony=N2;treatment=;replicate=3;timepoint=1,s12_S50.fastq.gz
Ht1.N1.C.tp1.1,s13_S51,Acropora millepora,Ht1_N1_C_tp1_1,N1,North East Orpheus near Orpheus Island Research Station,11/25/18,Australia,nubbin,adult,experiment=heat1;colony=N1;treatment=;replicate=1;timepoint=1,Method=Tagseq;experiment=heat1;colony=N1;treatment=;replicate=1;timepoint=1,s13_S51.fastq.gz
Ht1.N1.C.tp1.2,s14_S52,Acropora millepora,Ht1_N1_C_tp1_2,N1,North East Orpheus near Orpheus Island Research Station,11/25/18,Australia,nubbin,adult,experiment=heat1;colony=N1;treatment=;replicate=2;timepoint=1,Method=Tagseq;experiment=heat1;colony=N1;treatment=;replicate=2;timepoint=1,s14_S52.fastq.gz
Ht1.N1.C.tp1.3,s15_S53,Acropora millepora,Ht1_N1_C_tp1_3,N1,North East Orpheus near Orpheus Island Research Station,11/25/18,Australia,nubbin,adult,experiment=heat1;colony=N1;treatment=;replicate=3;timepoint=1,Method=Tagseq;experiment=heat1;colony=N1;treatment=;replicate=3;timepoint=1,s15_S53.fastq.gz
Ht1.N10.C.tp1.1,s16_S54,Acropora millepora,Ht1_N10_C_tp1_1,N10,North East Orpheus near Orpheus Island Research Station,11/25/18,Australia,nubbin,adult,experiment=heat1;colony=N10;treatment=;replicate=1;timepoint=1,Method=Tagseq;experiment=heat1;colony=N10;treatment=;replicate=1;timepoint=1,s16_S54.fastq.gz
Ht1.N10.C.tp1.2,s17_S55,Acropora millepora,Ht1_N10_C_tp1_2,N10,North East Orpheus near Orpheus Island Research Station,11/25/18,Australia,nubbin,adult,experiment=heat1;colony=N10;treatment=;replicate=2;timepoint=1,Method=Tagseq;experiment=heat1;colony=N10;treatment=;replicate=2;timepoint=1,s17_S55.fastq.gz
Ht1.N10.C.tp1.3,s18_S56,Acropora millepora,Ht1_N10_C_tp1_3,N10,North East Orpheus near Orpheus Island Research Station,11/25/18,Australia,nubbin,adult,experiment=heat1;colony=N10;treatment=;replicate=3;timepoint=1,Method=Tagseq;experiment=heat1;colony=N10;treatment=;replicate=3;timepoint=1,s18_S56.fastq.gz
Ht1.N1.T.tp1.1,s19_S57,Acropora millepora,Ht1_N1_T_tp1_1,N1,North East Orpheus near Orpheus Island Research Station,11/25/18,Australia,nubbin,adult,experiment=heat1;colony=N1;treatment=;replicate=1;timepoint=1,Method=Tagseq;experiment=heat1;colony=N1;treatment=;replicate=1;timepoint=1,s19_S57.fastq.gz
Ht1.N1.T.tp1.2,s20_S58,Acropora millepora,Ht1_N1_T_tp1_2,N1,North East Orpheus near Orpheus Island Research Station,11/25/18,Australia,nubbin,adult,experiment=heat1;colony=N1;treatment=;replicate=2;timepoint=1,Method=Tagseq;experiment=heat1;colony=N1;treatment=;replicate=2;timepoint=1,s20_S58.fastq.gz
Ht1.N1.T.tp1.3,s21_S59,Acropora millepora,Ht1_N1_T_tp1_3,N1,North East Orpheus near Orpheus Island Research Station,11/25/18,Australia,nubbin,adult,experiment=heat1;colony=N1;treatment=;replicate=3;timepoint=1,Method=Tagseq;experiment=heat1;colony=N1;treatment=;replicate=3;timepoint=1,s21_S59.fastq.gz
Ht1.N10.T.tp1.1,s22_S60,Acropora millepora,Ht1_N10_T_tp1_1,N10,North East Orpheus near Orpheus Island Research Station,11/25/18,Australia,nubbin,adult,experiment=heat1;colony=N10;treatment=;replicate=1;timepoint=1,Method=Tagseq;experiment=heat1;colony=N10;treatment=;replicate=1;timepoint=1,s22_S60.fastq.gz
Ht1.N10.T.tp1.2,s23_S61,Acropora millepora,Ht1_N10_T_tp1_2,N10,North East Orpheus near Orpheus Island Research Station,11/25/18,Australia,nubbin,adult,experiment=heat1;colony=N10;treatment=;replicate=2;timepoint=1,Method=Tagseq;experiment=heat1;colony=N10;treatment=;replicate=2;timepoint=1,s23_S61.fastq.gz
Ht1.N10.T.tp1.3,s24_S62,Acropora millepora,Ht1_N10_T_tp1_3,N10,North East Orpheus near Orpheus Island Research Station,11/25/18,Australia,nubbin,adult,experiment=heat1;colony=N10;treatment=;replicate=3;timepoint=1,Method=Tagseq;experiment=heat1;colony=N10;treatment=;replicate=3;timepoint=1,s24_S62.fastq.gz
Ht1.L1.C.tp2.1,s25_S63,Acropora millepora,Ht1_L1_C_tp2_1,L1,Little Pioneer Bay near Orpheus Island Research Station,11/25/18,Australia,nubbin,adult,experiment=heat1;colony=L1;treatment=;replicate=1;timepoint=2,Method=Tagseq;experiment=heat1;colony=L1;treatment=;replicate=1;timepoint=2,s25_S63.fastq.gz
Ht1.L1.C.tp2.2,s26_S64,Acropora millepora,Ht1_L1_C_tp2_2,L1,Little Pioneer Bay near Orpheus Island Research Station,11/25/18,Australia,nubbin,adult,experiment=heat1;colony=L1;treatment=;replicate=2;timepoint=2,Method=Tagseq;experiment=heat1;colony=L1;treatment=;replicate=2;timepoint=2,s26_S64.fastq.gz
Ht1.L1.C.tp2.3,s27_S65,Acropora millepora,Ht1_L1_C_tp2_3,L1,Little Pioneer Bay near Orpheus Island Research Station,11/25/18,Australia,nubbin,adult,experiment=heat1;colony=L1;treatment=;replicate=3;timepoint=2,Method=Tagseq;experiment=heat1;colony=L1;treatment=;replicate=3;timepoint=2,s27_S65.fastq.gz
Ht1.N2.C.tp2.1,s28_S66,Acropora millepora,Ht1_N2_C_tp2_1,N2,North East Orpheus near Orpheus Island Research Station,11/25/18,Australia,nubbin,adult,experiment=heat1;colony=N2;treatment=;replicate=1;timepoint=2,Method=Tagseq;experiment=heat1;colony=N2;treatment=;replicate=1;timepoint=2,s28_S66.fastq.gz
Ht1.N2.C.tp2.2,s29_S67,Acropora millepora,Ht1_N2_C_tp2_2,N2,North East Orpheus near Orpheus Island Research Station,11/25/18,Australia,nubbin,adult,experiment=heat1;colony=N2;treatment=;replicate=2;timepoint=2,Method=Tagseq;experiment=heat1;colony=N2;treatment=;replicate=2;timepoint=2,s29_S67.fastq.gz
Ht1.N2.C.tp2.3,s30_S68,Acropora millepora,Ht1_N2_C_tp2_3,N2,North East Orpheus near Orpheus Island Research Station,11/25/18,Australia,nubbin,adult,experiment=heat1;colony=N2;treatment=;replicate=3;timepoint=2,Method=Tagseq;experiment=heat1;colony=N2;treatment=;replicate=3;timepoint=2,s30_S68.fastq.gz
Ht1.L1.T.tp2.1,s31_S69,Acropora millepora,Ht1_L1_T_tp2_1,L1,Little Pioneer Bay near Orpheus Island Research Station,11/25/18,Australia,nubbin,adult,experiment=heat1;colony=L1;treatment=;replicate=1;timepoint=2,Method=Tagseq;experiment=heat1;colony=L1;treatment=;replicate=1;timepoint=2,s31_S69.fastq.gz
Ht1.L1.T.tp2.2,s32_S70,Acropora millepora,Ht1_L1_T_tp2_2,L1,Little Pioneer Bay near Orpheus Island Research Station,11/25/18,Australia,nubbin,adult,experiment=heat1;colony=L1;treatment=;replicate=2;timepoint=2,Method=Tagseq;experiment=heat1;colony=L1;treatment=;replicate=2;timepoint=2,s32_S70.fastq.gz
Ht1.L1.T.tp2.3,s33_S71,Acropora millepora,Ht1_L1_T_tp2_3,L1,Little Pioneer Bay near Orpheus Island Research Station,11/25/18,Australia,nubbin,adult,experiment=heat1;colony=L1;treatment=;replicate=3;timepoint=2,Method=Tagseq;experiment=heat1;colony=L1;treatment=;replicate=3;timepoint=2,s33_S71.fastq.gz
Ht1.N2.T.tp2.1,s34_S72,Acropora millepora,Ht1_N2_T_tp2_1,N2,North East Orpheus near Orpheus Island Research Station,11/25/18,Australia,nubbin,adult,experiment=heat1;colony=N2;treatment=;replicate=1;timepoint=2,Method=Tagseq;experiment=heat1;colony=N2;treatment=;replicate=1;timepoint=2,s34_S72.fastq.gz
Ht1.N2.T.tp2.2,s35_S73,Acropora millepora,Ht1_N2_T_tp2_2,N2,North East Orpheus near Orpheus Island Research Station,11/25/18,Australia,nubbin,adult,experiment=heat1;colony=N2;treatment=;replicate=2;timepoint=2,Method=Tagseq;experiment=heat1;colony=N2;treatment=;replicate=2;timepoint=2,s35_S73.fastq.gz
Ls.N2.C.tp2.3,s42_S79,Acropora millepora,Ls_N2_C_tp2_3,N2,North East Orpheus near Orpheus Island Research Station,11/25/18,Australia,nubbin,adult,experiment=low_salinity;colony=N2;treatment=;replicate=3;timepoint=2,Method=Tagseq;experiment=low_salinity;colony=N2;treatment=;replicate=3;timepoint=2,s42_S79.fastq.gz
Ls.L1.T.tp2.1,s43_S80,Acropora millepora,Ls_L1_T_tp2_1,L1,Little Pioneer Bay near Orpheus Island Research Station,11/25/18,Australia,nubbin,adult,experiment=low_salinity;colony=L1;treatment=;replicate=1;timepoint=2,Method=Tagseq;experiment=low_salinity;colony=L1;treatment=;replicate=1;timepoint=2,s43_S80.fastq.gz
Ls.L1.T.tp2.2,s44_S81,Acropora millepora,Ls_L1_T_tp2_2,L1,Little Pioneer Bay near Orpheus Island Research Station,11/25/18,Australia,nubbin,adult,experiment=low_salinity;colony=L1;treatment=;replicate=2;timepoint=2,Method=Tagseq;experiment=low_salinity;colony=L1;treatment=;replicate=2;timepoint=2,s44_S81.fastq.gz
Ls.L1.T.tp2.3,s45_S82,Acropora millepora,Ls_L1_T_tp2_3,L1,Little Pioneer Bay near Orpheus Island Research Station,11/25/18,Australia,nubbin,adult,experiment=low_salinity;colony=L1;treatment=;replicate=3;timepoint=2,Method=Tagseq;experiment=low_salinity;colony=L1;treatment=;replicate=3;timepoint=2,s45_S82.fastq.gz
Ls.L1.C.tp2.1,s46_S83,Acropora millepora,Ls_L1_C_tp2_1,L1,Little Pioneer Bay near Orpheus Island Research Station,11/25/18,Australia,nubbin,adult,experiment=low_salinity;colony=L1;treatment=;replicate=1;timepoint=2,Method=Tagseq;experiment=low_salinity;colony=L1;treatment=;replicate=1;timepoint=2,s46_S83.fastq.gz
Ls.L1.C.tp2.2,s47_S84,Acropora millepora,Ls_L1_C_tp2_2,L1,Little Pioneer Bay near Orpheus Island Research Station,11/25/18,Australia,nubbin,adult,experiment=low_salinity;colony=L1;treatment=;replicate=2;timepoint=2,Method=Tagseq;experiment=low_salinity;colony=L1;treatment=;replicate=2;timepoint=2,s47_S84.fastq.gz
Ls.L1.C.tp2.3,s48_S85,Acropora millepora,Ls_L1_C_tp2_3,L1,Little Pioneer Bay near Orpheus Island Research Station,11/25/18,Australia,nubbin,adult,experiment=low_salinity;colony=L1;treatment=;replicate=3;timepoint=2,Method=Tagseq;experiment=low_salinity;colony=L1;treatment=;replicate=3;timepoint=2,s48_S85.fastq.gz
Ls.N1.T.tp2.1,s49_S86,Acropora millepora,Ls_N1_T_tp2_1,N1,North East Orpheus near Orpheus Island Research Station,11/25/18,Australia,nubbin,adult,experiment=low_salinity;colony=N1;treatment=;replicate=1;timepoint=2,Method=Tagseq;experiment=low_salinity;colony=N1;treatment=;replicate=1;timepoint=2,s49_S86.fastq.gz
Ls.N1.T.tp2.2,s50_S87,Acropora millepora,Ls_N1_T_tp2_2,N1,North East Orpheus near Orpheus Island Research Station,11/25/18,Australia,nubbin,adult,experiment=low_salinity;colony=N1;treatment=;replicate=2;timepoint=2,Method=Tagseq;experiment=low_salinity;colony=N1;treatment=;replicate=2;timepoint=2,s50_S87.fastq.gz
Ls.N1.T.tp2.3,s51_S88,Acropora millepora,Ls_N1_T_tp2_3,N1,North East Orpheus near Orpheus Island Research Station,11/25/18,Australia,nubbin,adult,experiment=low_salinity;colony=N1;treatment=;replicate=3;timepoint=2,Method=Tagseq;experiment=low_salinity;colony=N1;treatment=;replicate=3;timepoint=2,s51_S88.fastq.gz
Ls.N10.T.tp2.1,s52_S89,Acropora millepora,Ls_N10_T_tp2_1,N10,North East Orpheus near Orpheus Island Research Station,11/25/18,Australia,nubbin,adult,experiment=low_salinity;colony=N10;treatment=;replicate=1;timepoint=2,Method=Tagseq;experiment=low_salinity;colony=N10;treatment=;replicate=1;timepoint=2,s52_S89.fastq.gz
Ls.N10.T.tp2.2,s53_S90,Acropora millepora,Ls_N10_T_tp2_2,N10,North East Orpheus near Orpheus Island Research Station,11/25/18,Australia,nubbin,adult,experiment=low_salinity;colony=N10;treatment=;replicate=2;timepoint=2,Method=Tagseq;experiment=low_salinity;colony=N10;treatment=;replicate=2;timepoint=2,s53_S90.fastq.gz
Ls.N10.T.tp2.3,s54_S91,Acropora millepora,Ls_N10_T_tp2_3,N10,North East Orpheus near Orpheus Island Research Station,11/25/18,Australia,nubbin,adult,experiment=low_salinity;colony=N10;treatment=;replicate=3;timepoint=2,Method=Tagseq;experiment=low_salinity;colony=N10;treatment=;replicate=3;timepoint=2,s54_S91.fastq.gz
Ls.N1.C.tp2.1,s55_S92,Acropora millepora,Ls_N1_C_tp2_1,N1,North East Orpheus near Orpheus Island Research Station,11/25/18,Australia,nubbin,adult,experiment=low_salinity;colony=N1;treatment=;replicate=1;timepoint=2,Method=Tagseq;experiment=low_salinity;colony=N1;treatment=;replicate=1;timepoint=2,s55_S92.fastq.gz
Ls.N1.C.tp2.2,s56_S93,Acropora millepora,Ls_N1_C_tp2_2,N1,North East Orpheus near Orpheus Island Research Station,11/25/18,Australia,nubbin,adult,experiment=low_salinity;colony=N1;treatment=;replicate=2;timepoint=2,Method=Tagseq;experiment=low_salinity;colony=N1;treatment=;replicate=2;timepoint=2,s56_S93.fastq.gz
Ls.N1.C.tp2.3,s57_S94,Acropora millepora,Ls_N1_C_tp2_3,N1,North East Orpheus near Orpheus Island Research Station,11/25/18,Australia,nubbin,adult,experiment=low_salinity;colony=N1;treatment=;replicate=3;timepoint=2,Method=Tagseq;experiment=low_salinity;colony=N1;treatment=;replicate=3;timepoint=2,s57_S94.fastq.gz
Ls.N10.C.tp2.1,s58_S95,Acropora millepora,Ls_N10_C_tp2_1,N10,North East Orpheus near Orpheus Island Research Station,11/25/18,Australia,nubbin,adult,experiment=low_salinity;colony=N10;treatment=;replicate=1;timepoint=2,Method=Tagseq;experiment=low_salinity;colony=N10;treatment=;replicate=1;timepoint=2,s58_S95.fastq.gz
Ls.N10.C.tp2.2,s59_S96,Acropora millepora,Ls_N10_C_tp2_2,N10,North East Orpheus near Orpheus Island Research Station,11/25/18,Australia,nubbin,adult,experiment=low_salinity;colony=N10;treatment=;replicate=2;timepoint=2,Method=Tagseq;experiment=low_salinity;colony=N10;treatment=;replicate=2;timepoint=2,s59_S96.fastq.gz
Ls.N10.C.tp2.3,s60_S97,Acropora millepora,Ls_N10_C_tp2_3,N10,North East Orpheus near Orpheus Island Research Station,11/25/18,Australia,nubbin,adult,experiment=low_salinity;colony=N10;treatment=;replicate=3;timepoint=2,Method=Tagseq;experiment=low_salinity;colony=N10;treatment=;replicate=3;timepoint=2,s60_S97.fastq.gz
Ch.N1.T.tp1.1,s61_S98,Acropora millepora,Ch_N1_T_tp1_1,N1,North East Orpheus near Orpheus Island Research Station,11/25/18,Australia,nubbin,adult,experiment=chill;colony=N1;treatment=;replicate=1;timepoint=1,Method=Tagseq;experiment=chill;colony=N1;treatment=;replicate=1;timepoint=1,s61_S98.fastq.gz
Ch.N1.T.tp1.2,s62_S99,Acropora millepora,Ch_N1_T_tp1_2,N1,North East Orpheus near Orpheus Island Research Station,11/25/18,Australia,nubbin,adult,experiment=chill;colony=N1;treatment=;replicate=2;timepoint=1,Method=Tagseq;experiment=chill;colony=N1;treatment=;replicate=2;timepoint=1,s62_S99.fastq.gz
Ch.N1.T.tp1.3,s63_S100,Acropora millepora,Ch_N1_T_tp1_3,N1,North East Orpheus near Orpheus Island Research Station,11/25/18,Australia,nubbin,adult,experiment=chill;colony=N1;treatment=;replicate=3;timepoint=1,Method=Tagseq;experiment=chill;colony=N1;treatment=;replicate=3;timepoint=1,s63_S100.fastq.gz
Ch.N2.T.tp1.1,s64_S101,Acropora millepora,Ch_N2_T_tp1_1,N2,North East Orpheus near Orpheus Island Research Station,11/25/18,Australia,nubbin,adult,experiment=chill;colony=N2;treatment=;replicate=1;timepoint=1,Method=Tagseq;experiment=chill;colony=N2;treatment=;replicate=1;timepoint=1,s64_S101.fastq.gz
Ch.N2.T.tp1.2,s65_S102,Acropora millepora,Ch_N2_T_tp1_2,N2,North East Orpheus near Orpheus Island Research Station,11/25/18,Australia,nubbin,adult,experiment=chill;colony=N2;treatment=;replicate=2;timepoint=1,Method=Tagseq;experiment=chill;colony=N2;treatment=;replicate=2;timepoint=1,s65_S102.fastq.gz
Ch.L1.T.tp1.1,s66_S103,Acropora millepora,Ch_L1_T_tp1_1,L1,Little Pioneer Bay near Orpheus Island Research Station,11/25/18,Australia,nubbin,adult,experiment=chill;colony=L1;treatment=;replicate=1;timepoint=1,Method=Tagseq;experiment=chill;colony=L1;treatment=;replicate=1;timepoint=1,s66_S103.fastq.gz
Ch.L1.T.tp1.2,s67_S104,Acropora millepora,Ch_L1_T_tp1_2,L1,Little Pioneer Bay near Orpheus Island Research Station,11/25/18,Australia,nubbin,adult,experiment=chill;colony=L1;treatment=;replicate=2;timepoint=1,Method=Tagseq;experiment=chill;colony=L1;treatment=;replicate=2;timepoint=1,s67_S104.fastq.gz
Ch.N1.C.tp1.1,s68_S105,Acropora millepora,Ch_N1_C_tp1_1,N1,North East Orpheus near Orpheus Island Research Station,11/25/18,Australia,nubbin,adult,experiment=chill;colony=N1;treatment=;replicate=1;timepoint=1,Method=Tagseq;experiment=chill;colony=N1;treatment=;replicate=1;timepoint=1,s68_S105.fastq.gz
Ch.N1.C.tp1.2,s69_S106,Acropora millepora,Ch_N1_C_tp1_2,N1,North East Orpheus near Orpheus Island Research Station,11/25/18,Australia,nubbin,adult,experiment=chill;colony=N1;treatment=;replicate=2;timepoint=1,Method=Tagseq;experiment=chill;colony=N1;treatment=;replicate=2;timepoint=1,s69_S106.fastq.gz
Ch.L1.C.tp1.1,s70_S107,Acropora millepora,Ch_L1_C_tp1_1,L1,Little Pioneer Bay near Orpheus Island Research Station,11/25/18,Australia,nubbin,adult,experiment=chill;colony=L1;treatment=;replicate=1;timepoint=1,Method=Tagseq;experiment=chill;colony=L1;treatment=;replicate=1;timepoint=1,s70_S107.fastq.gz
Ch.L1.C.tp1.2,s71_S108,Acropora millepora,Ch_L1_C_tp1_2,L1,Little Pioneer Bay near Orpheus Island Research Station,11/25/18,Australia,nubbin,adult,experiment=chill;colony=L1;treatment=;replicate=2;timepoint=1,Method=Tagseq;experiment=chill;colony=L1;treatment=;replicate=2;timepoint=1,s71_S108.fastq.gz
Ch.L1.C.tp1.3,s72_S109,Acropora millepora,Ch_L1_C_tp1_3,L1,Little Pioneer Bay near Orpheus Island Research Station,11/25/18,Australia,nubbin,adult,experiment=chill;colony=L1;treatment=;replicate=3;timepoint=1,Method=Tagseq;experiment=chill;colony=L1;treatment=;replicate=3;timepoint=1,s72_S109.fastq.gz
Ch.L1.T.tp1.3,s73_S110,Acropora millepora,Ch_L1_T_tp1_3,L1,Little Pioneer Bay near Orpheus Island Research Station,11/25/18,Australia,nubbin,adult,experiment=chill;colony=L1;treatment=;replicate=3;timepoint=1,Method=Tagseq;experiment=chill;colony=L1;treatment=;replicate=3;timepoint=1,s73_S110.fastq.gz
Ch.N1.C.tp1.3,s74_S111,Acropora millepora,Ch_N1_C_tp1_3,N1,North East Orpheus near Orpheus Island Research Station,11/25/18,Australia,nubbin,adult,experiment=chill;colony=N1;treatment=;replicate=3;timepoint=1,Method=Tagseq;experiment=chill;colony=N1;treatment=;replicate=3;timepoint=1,s74_S111.fastq.gz
Ch.N2.T.tp1.3,s75_S112,Acropora millepora,Ch_N2_T_tp1_3,N2,North East Orpheus near Orpheus Island Research Station,11/25/18,Australia,nubbin,adult,experiment=chill;colony=N2;treatment=;replicate=3;timepoint=1,Method=Tagseq;experiment=chill;colony=N2;treatment=;replicate=3;timepoint=1,s75_S112.fastq.gz
Ch.N2.C.tp1.1,s76_S113,Acropora millepora,Ch_N2_C_tp1_1,N2,North East Orpheus near Orpheus Island Research Station,11/25/18,Australia,nubbin,adult,experiment=chill;colony=N2;treatment=;replicate=1;timepoint=1,Method=Tagseq;experiment=chill;colony=N2;treatment=;replicate=1;timepoint=1,s76_S113.fastq.gz
Ch.N2.C.tp1.2,s77_S114,Acropora millepora,Ch_N2_C_tp1_2,N2,North East Orpheus near Orpheus Island Research Station,11/25/18,Australia,nubbin,adult,experiment=chill;colony=N2;treatment=;replicate=2;timepoint=1,Method=Tagseq;experiment=chill;colony=N2;treatment=;replicate=2;timepoint=1,s77_S114.fastq.gz
Ch.N2.C.tp1.3,s78_S115,Acropora millepora,Ch_N2_C_tp1_3,N2,North East Orpheus near Orpheus Island Research Station,11/25/18,Australia,nubbin,adult,experiment=chill;colony=N2;treatment=;replicate=3;timepoint=1,Method=Tagseq;experiment=chill;colony=N2;treatment=;replicate=3;timepoint=1,s78_S115.fastq.gz
Ch.N10.T.tp1.1,s79_S116,Acropora millepora,Ch_N10_T_tp1_1,N10,North East Orpheus near Orpheus Island Research Station,11/25/18,Australia,nubbin,adult,experiment=chill;colony=N10;treatment=;replicate=1;timepoint=1,Method=Tagseq;experiment=chill;colony=N10;treatment=;replicate=1;timepoint=1,s79_S116.fastq.gz
Ch.N10.T.tp1.2,s80_S117,Acropora millepora,Ch_N10_T_tp1_2,N10,North East Orpheus near Orpheus Island Research Station,11/25/18,Australia,nubbin,adult,experiment=chill;colony=N10;treatment=;replicate=2;timepoint=1,Method=Tagseq;experiment=chill;colony=N10;treatment=;replicate=2;timepoint=1,s80_S117.fastq.gz
Ch.N10.T.tp1.3,s81_S118,Acropora millepora,Ch_N10_T_tp1_3,N10,North East Orpheus near Orpheus Island Research Station,11/25/18,Australia,nubbin,adult,experiment=chill;colony=N10;treatment=;replicate=3;timepoint=1,Method=Tagseq;experiment=chill;colony=N10;treatment=;replicate=3;timepoint=1,s81_S118.fastq.gz
Ch.N10.C.tp1.1,s82_S119,Acropora millepora,Ch_N10_C_tp1_1,N10,North East Orpheus near Orpheus Island Research Station,11/25/18,Australia,nubbin,adult,experiment=chill;colony=N10;treatment=;replicate=1;timepoint=1,Method=Tagseq;experiment=chill;colony=N10;treatment=;replicate=1;timepoint=1,s82_S119.fastq.gz
Ch.N10.C.tp1.2,s83_S120,Acropora millepora,Ch_N10_C_tp1_2,N10,North East Orpheus near Orpheus Island Research Station,11/25/18,Australia,nubbin,adult,experiment=chill;colony=N10;treatment=;replicate=2;timepoint=1,Method=Tagseq;experiment=chill;colony=N10;treatment=;replicate=2;timepoint=1,s83_S120.fastq.gz
Ch.N10.C.tp1.3,s84_S121,Acropora millepora,Ch_N10_C_tp1_3,N10,North East Orpheus near Orpheus Island Research Station,11/25/18,Australia,nubbin,adult,experiment=chill;colony=N10;treatment=;replicate=3;timepoint=1,Method=Tagseq;experiment=chill;colony=N10;treatment=;replicate=3;timepoint=1,s84_S121.fastq.gz
Ls.N2.T.tp1.1,s85_S122,Acropora millepora,Ls_N2_T_tp1_1,N2,North East Orpheus near Orpheus Island Research Station,11/25/18,Australia,nubbin,adult,experiment=low_salinity;colony=N2;treatment=;replicate=1;timepoint=1,Method=Tagseq;experiment=low_salinity;colony=N2;treatment=;replicate=1;timepoint=1,s85_S122.fastq.gz
Ls.N2.T.tp1.2,s86_S123,Acropora millepora,Ls_N2_T_tp1_2,N2,North East Orpheus near Orpheus Island Research Station,11/25/18,Australia,nubbin,adult,experiment=low_salinity;colony=N2;treatment=;replicate=2;timepoint=1,Method=Tagseq;experiment=low_salinity;colony=N2;treatment=;replicate=2;timepoint=1,s86_S123.fastq.gz
Ls.N2.T.tp1.3,s87_S124,Acropora millepora,Ls_N2_T_tp1_3,N2,North East Orpheus near Orpheus Island Research Station,11/25/18,Australia,nubbin,adult,experiment=low_salinity;colony=N2;treatment=;replicate=3;timepoint=1,Method=Tagseq;experiment=low_salinity;colony=N2;treatment=;replicate=3;timepoint=1,s87_S124.fastq.gz
Ls.N10.T.tp1.1,s88_S125,Acropora millepora,Ls_N10_T_tp1_1,N10,North East Orpheus near Orpheus Island Research Station,11/25/18,Australia,nubbin,adult,experiment=low_salinity;colony=N10;treatment=;replicate=1;timepoint=1,Method=Tagseq;experiment=low_salinity;colony=N10;treatment=;replicate=1;timepoint=1,s88_S125.fastq.gz
Ls.N10.T.tp1.2,s89_S126,Acropora millepora,Ls_N10_T_tp1_2,N10,North East Orpheus near Orpheus Island Research Station,11/25/18,Australia,nubbin,adult,experiment=low_salinity;colony=N10;treatment=;replicate=2;timepoint=1,Method=Tagseq;experiment=low_salinity;colony=N10;treatment=;replicate=2;timepoint=1,s89_S126.fastq.gz
Ls.N10.T.tp1.3,s90_S127,Acropora millepora,Ls_N10_T_tp1_3,N10,North East Orpheus near Orpheus Island Research Station,11/25/18,Australia,nubbin,adult,experiment=low_salinity;colony=N10;treatment=;replicate=3;timepoint=1,Method=Tagseq;experiment=low_salinity;colony=N10;treatment=;replicate=3;timepoint=1,s90_S127.fastq.gz
Ls.N2.C.tp1.1,s91_S128,Acropora millepora,Ls_N2_C_tp1_1,N2,North East Orpheus near Orpheus Island Research Station,11/25/18,Australia,nubbin,adult,experiment=low_salinity;colony=N2;treatment=;replicate=1;timepoint=1,Method=Tagseq;experiment=low_salinity;colony=N2;treatment=;replicate=1;timepoint=1,s91_S128.fastq.gz
Ls.N2.C.tp1.2,s92_S129,Acropora millepora,Ls_N2_C_tp1_2,N2,North East Orpheus near Orpheus Island Research Station,11/25/18,Australia,nubbin,adult,experiment=low_salinity;colony=N2;treatment=;replicate=2;timepoint=1,Method=Tagseq;experiment=low_salinity;colony=N2;treatment=;replicate=2;timepoint=1,s92_S129.fastq.gz
Ls.N2.C.tp1.3,s93_S130,Acropora millepora,Ls_N2_C_tp1_3,N2,North East Orpheus near Orpheus Island Research Station,11/25/18,Australia,nubbin,adult,experiment=low_salinity;colony=N2;treatment=;replicate=3;timepoint=1,Method=Tagseq;experiment=low_salinity;colony=N2;treatment=;replicate=3;timepoint=1,s93_S130.fastq.gz
Ls.N1.C.tp1.1,s94_S131,Acropora millepora,Ls_N1_C_tp1_1,N1,North East Orpheus near Orpheus Island Research Station,11/25/18,Australia,nubbin,adult,experiment=low_salinity;colony=N1;treatment=;replicate=1;timepoint=1,Method=Tagseq;experiment=low_salinity;colony=N1;treatment=;replicate=1;timepoint=1,s94_S131.fastq.gz
Ls.N1.C.tp1.2,s95_S132,Acropora millepora,Ls_N1_C_tp1_2,N1,North East Orpheus near Orpheus Island Research Station,11/25/18,Australia,nubbin,adult,experiment=low_salinity;colony=N1;treatment=;replicate=2;timepoint=1,Method=Tagseq;experiment=low_salinity;colony=N1;treatment=;replicate=2;timepoint=1,s95_S132.fastq.gz
Ls.N1.C.tp1.3,s96_S133,Acropora millepora,Ls_N1_C_tp1_3,N1,North East Orpheus near Orpheus Island Research Station,11/25/18,Australia,nubbin,adult,experiment=low_salinity;colony=N1;treatment=;replicate=3;timepoint=1,Method=Tagseq;experiment=low_salinity;colony=N1;treatment=;replicate=3;timepoint=1,s96_S133.fastq.gz
Ls.N1.T.tp1.1,s97_S134,Acropora millepora,Ls_N1_T_tp1_1,N1,North East Orpheus near Orpheus Island Research Station,11/25/18,Australia,nubbin,adult,experiment=low_salinity;colony=N1;treatment=;replicate=1;timepoint=1,Method=Tagseq;experiment=low_salinity;colony=N1;treatment=;replicate=1;timepoint=1,s97_S134.fastq.gz
Ls.N1.T.tp1.2,s98_S135,Acropora millepora,Ls_N1_T_tp1_2,N1,North East Orpheus near Orpheus Island Research Station,11/25/18,Australia,nubbin,adult,experiment=low_salinity;colony=N1;treatment=;replicate=2;timepoint=1,Method=Tagseq;experiment=low_salinity;colony=N1;treatment=;replicate=2;timepoint=1,s98_S135.fastq.gz
Ls.N1.T.tp1.3,s99_S136,Acropora millepora,Ls_N1_T_tp1_3,N1,North East Orpheus near Orpheus Island Research Station,11/25/18,Australia,nubbin,adult,experiment=low_salinity;colony=N1;treatment=;replicate=3;timepoint=1,Method=Tagseq;experiment=low_salinity;colony=N1;treatment=;replicate=3;timepoint=1,s99_S136.fastq.gz
Ls.N10.C.tp1.1,s100_S137,Acropora millepora,Ls_N10_C_tp1_1,N10,North East Orpheus near Orpheus Island Research Station,11/25/18,Australia,nubbin,adult,experiment=low_salinity;colony=N10;treatment=;replicate=1;timepoint=1,Method=Tagseq;experiment=low_salinity;colony=N10;treatment=;replicate=1;timepoint=1,s100_S137.fastq.gz
Ls.N10.C.tp1.2,s101_S138,Acropora millepora,Ls_N10_C_tp1_2,N10,North East Orpheus near Orpheus Island Research Station,11/25/18,Australia,nubbin,adult,experiment=low_salinity;colony=N10;treatment=;replicate=2;timepoint=1,Method=Tagseq;experiment=low_salinity;colony=N10;treatment=;replicate=2;timepoint=1,s101_S138.fastq.gz
Ls.N10.C.tp1.3,s102_S139,Acropora millepora,Ls_N10_C_tp1_3,N10,North East Orpheus near Orpheus Island Research Station,11/25/18,Australia,nubbin,adult,experiment=low_salinity;colony=N10;treatment=;replicate=3;timepoint=1,Method=Tagseq;experiment=low_salinity;colony=N10;treatment=;replicate=3;timepoint=1,s102_S139.fastq.gz
Ls.L1.T.tp1.2,s104_S140,Acropora millepora,Ls_L1_T_tp1_2,L1,Little Pioneer Bay near Orpheus Island Research Station,11/25/18,Australia,nubbin,adult,experiment=low_salinity;colony=L1;treatment=;replicate=2;timepoint=1,Method=Tagseq;experiment=low_salinity;colony=L1;treatment=;replicate=2;timepoint=1,s104_S140.fastq.gz
Ls.L1.T.tp1.3,s105_S141,Acropora millepora,Ls_L1_T_tp1_3,L1,Little Pioneer Bay near Orpheus Island Research Station,11/25/18,Australia,nubbin,adult,experiment=low_salinity;colony=L1;treatment=;replicate=3;timepoint=1,Method=Tagseq;experiment=low_salinity;colony=L1;treatment=;replicate=3;timepoint=1,s105_S141.fastq.gz
Ls.L1.C.tp1.1,s106_S142,Acropora millepora,Ls_L1_C_tp1_1,L1,Little Pioneer Bay near Orpheus Island Research Station,11/25/18,Australia,nubbin,adult,experiment=low_salinity;colony=L1;treatment=;replicate=1;timepoint=1,Method=Tagseq;experiment=low_salinity;colony=L1;treatment=;replicate=1;timepoint=1,s106_S142.fastq.gz
Ls.L1.C.tp1.2,s107_S143,Acropora millepora,Ls_L1_C_tp1_2,L1,Little Pioneer Bay near Orpheus Island Research Station,11/25/18,Australia,nubbin,adult,experiment=low_salinity;colony=L1;treatment=;replicate=2;timepoint=1,Method=Tagseq;experiment=low_salinity;colony=L1;treatment=;replicate=2;timepoint=1,s107_S143.fastq.gz
Ls.L1.C.tp1.3,s108_S144,Acropora millepora,Ls_L1_C_tp1_3,L1,Little Pioneer Bay near Orpheus Island Research Station,11/25/18,Australia,nubbin,adult,experiment=low_salinity;colony=L1;treatment=;replicate=3;timepoint=1,Method=Tagseq;experiment=low_salinity;colony=L1;treatment=;replicate=3;timepoint=1,s108_S144.fastq.gz
Tw.N10.C.tp1.2,s110_S145,Acropora millepora,Tw_N10_C_tp1_2,N10,North East Orpheus near Orpheus Island Research Station,11/25/18,Australia,nubbin,adult,experiment=three_way;colony=N10;treatment=;replicate=2;timepoint=1,Method=Tagseq;experiment=three_way;colony=N10;treatment=;replicate=2;timepoint=1,s110_S145.fastq.gz
Tw.N10.C.tp1.3,s111_S146,Acropora millepora,Tw_N10_C_tp1_3,N10,North East Orpheus near Orpheus Island Research Station,11/25/18,Australia,nubbin,adult,experiment=three_way;colony=N10;treatment=;replicate=3;timepoint=1,Method=Tagseq;experiment=three_way;colony=N10;treatment=;replicate=3;timepoint=1,s111_S146.fastq.gz
Ht2.N10.T.tp1.1,s112_S147,Acropora millepora,Ht2_N10_T_tp1_1,N10,North East Orpheus near Orpheus Island Research Station,11/25/18,Australia,nubbin,adult,experiment=heat2;colony=N10;treatment=;replicate=1;timepoint=1,Method=Tagseq;experiment=heat2;colony=N10;treatment=;replicate=1;timepoint=1,s112_S147.fastq.gz
Ht2.N10.T.tp1.2,s113_S148,Acropora millepora,Ht2_N10_T_tp1_2,N10,North East Orpheus near Orpheus Island Research Station,11/25/18,Australia,nubbin,adult,experiment=heat2;colony=N10;treatment=;replicate=2;timepoint=1,Method=Tagseq;experiment=heat2;colony=N10;treatment=;replicate=2;timepoint=1,s113_S148.fastq.gz
Ht2.N10.T.tp1.3,s114_S149,Acropora millepora,Ht2_N10_T_tp1_3,N10,North East Orpheus near Orpheus Island Research Station,11/25/18,Australia,nubbin,adult,experiment=heat2;colony=N10;treatment=;replicate=3;timepoint=1,Method=Tagseq;experiment=heat2;colony=N10;treatment=;replicate=3;timepoint=1,s114_S149.fastq.gz
HtC.N10.T.tp1.1,s115_S150,Acropora millepora,HtC_N10_T_tp1_1,N10,North East Orpheus near Orpheus Island Research Station,11/25/18,Australia,nubbin,adult,experiment=hot_to_cold;colony=N10;treatment=;replicate=1;timepoint=1,Method=Tagseq;experiment=hot_to_cold;colony=N10;treatment=;replicate=1;timepoint=1,s115_S150.fastq.gz
HtC.N10.T.tp1.2,s116_S151,Acropora millepora,HtC_N10_T_tp1_2,N10,North East Orpheus near Orpheus Island Research Station,11/25/18,Australia,nubbin,adult,experiment=hot_to_cold;colony=N10;treatment=;replicate=2;timepoint=1,Method=Tagseq;experiment=hot_to_cold;colony=N10;treatment=;replicate=2;timepoint=1,s116_S151.fastq.gz
HtC.N10.T.tp1.3,s117_S152,Acropora millepora,HtC_N10_T_tp1_3,N10,North East Orpheus near Orpheus Island Research Station,11/25/18,Australia,nubbin,adult,experiment=hot_to_cold;colony=N10;treatment=;replicate=3;timepoint=1,Method=Tagseq;experiment=hot_to_cold;colony=N10;treatment=;replicate=3;timepoint=1,s117_S152.fastq.gz
CtH.N10.T.tp1.1,s118_S153,Acropora millepora,CtH_N10_T_tp1_1,N10,North East Orpheus near Orpheus Island Research Station,11/25/18,Australia,nubbin,adult,experiment=cold_to_hot;colony=N10;treatment=;replicate=1;timepoint=1,Method=Tagseq;experiment=cold_to_hot;colony=N10;treatment=;replicate=1;timepoint=1,s118_S153.fastq.gz
CtH.N10.T.tp1.2,s119_S154,Acropora millepora,CtH_N10_T_tp1_2,N10,North East Orpheus near Orpheus Island Research Station,11/25/18,Australia,nubbin,adult,experiment=cold_to_hot;colony=N10;treatment=;replicate=2;timepoint=1,Method=Tagseq;experiment=cold_to_hot;colony=N10;treatment=;replicate=2;timepoint=1,s119_S154.fastq.gz
CtH.N10.T.tp1.3,s120_S155,Acropora millepora,CtH_N10_T_tp1_3,N10,North East Orpheus near Orpheus Island Research Station,11/25/18,Australia,nubbin,adult,experiment=cold_to_hot;colony=N10;treatment=;replicate=3;timepoint=1,Method=Tagseq;experiment=cold_to_hot;colony=N10;treatment=;replicate=3;timepoint=1,s120_S155.fastq.gz
Ht2.L1.T.tp1.1,s121_S156,Acropora millepora,Ht2_L1_T_tp1_1,L1,Little Pioneer Bay near Orpheus Island Research Station,11/25/18,Australia,nubbin,adult,experiment=heat2;colony=L1;treatment=;replicate=1;timepoint=1,Method=Tagseq;experiment=heat2;colony=L1;treatment=;replicate=1;timepoint=1,s121_S156.fastq.gz
Ht2.L1.T.tp1.2,s122_S157,Acropora millepora,Ht2_L1_T_tp1_2,L1,Little Pioneer Bay near Orpheus Island Research Station,11/25/18,Australia,nubbin,adult,experiment=heat2;colony=L1;treatment=;replicate=2;timepoint=1,Method=Tagseq;experiment=heat2;colony=L1;treatment=;replicate=2;timepoint=1,s122_S157.fastq.gz
Ht2.L1.T.tp1.3,s123_S158,Acropora millepora,Ht2_L1_T_tp1_3,L1,Little Pioneer Bay near Orpheus Island Research Station,11/25/18,Australia,nubbin,adult,experiment=heat2;colony=L1;treatment=;replicate=3;timepoint=1,Method=Tagseq;experiment=heat2;colony=L1;treatment=;replicate=3;timepoint=1,s123_S158.fastq.gz
Ht2.N2.T.tp1.2,s125_S159,Acropora millepora,Ht2_N2_T_tp1_2,N2,North East Orpheus near Orpheus Island Research Station,11/25/18,Australia,nubbin,adult,experiment=heat2;colony=N2;treatment=;replicate=2;timepoint=1,Method=Tagseq;experiment=heat2;colony=N2;treatment=;replicate=2;timepoint=1,s125_S159.fastq.gz
Ht2.N2.T.tp1.3,s126_S160,Acropora millepora,Ht2_N2_T_tp1_3,N2,North East Orpheus near Orpheus Island Research Station,11/25/18,Australia,nubbin,adult,experiment=heat2;colony=N2;treatment=;replicate=3;timepoint=1,Method=Tagseq;experiment=heat2;colony=N2;treatment=;replicate=3;timepoint=1,s126_S160.fastq.gz
Tw.L1.C.tp1.1,s127_S161,Acropora millepora,Tw_L1_C_tp1_1,L1,Little Pioneer Bay near Orpheus Island Research Station,11/25/18,Australia,nubbin,adult,experiment=three_way;colony=L1;treatment=;replicate=1;timepoint=1,Method=Tagseq;experiment=three_way;colony=L1;treatment=;replicate=1;timepoint=1,s127_S161.fastq.gz
Tw.L1.C.tp1.2,s128_S162,Acropora millepora,Tw_L1_C_tp1_2,L1,Little Pioneer Bay near Orpheus Island Research Station,11/25/18,Australia,nubbin,adult,experiment=three_way;colony=L1;treatment=;replicate=2;timepoint=1,Method=Tagseq;experiment=three_way;colony=L1;treatment=;replicate=2;timepoint=1,s128_S162.fastq.gz
Tw.L1.C.tp1.3,s129_S163,Acropora millepora,Tw_L1_C_tp1_3,L1,Little Pioneer Bay near Orpheus Island Research Station,11/25/18,Australia,nubbin,adult,experiment=three_way;colony=L1;treatment=;replicate=3;timepoint=1,Method=Tagseq;experiment=three_way;colony=L1;treatment=;replicate=3;timepoint=1,s129_S163.fastq.gz
Tw.N2.C.tp1.1,s130_S164,Acropora millepora,Tw_N2_C_tp1_1,N2,North East Orpheus near Orpheus Island Research Station,11/25/18,Australia,nubbin,adult,experiment=three_way;colony=N2;treatment=;replicate=1;timepoint=1,Method=Tagseq;experiment=three_way;colony=N2;treatment=;replicate=1;timepoint=1,s130_S164.fastq.gz
Tw.N2.C.tp1.2,s131_S165,Acropora millepora,Tw_N2_C_tp1_2,N2,North East Orpheus near Orpheus Island Research Station,11/25/18,Australia,nubbin,adult,experiment=three_way;colony=N2;treatment=;replicate=2;timepoint=1,Method=Tagseq;experiment=three_way;colony=N2;treatment=;replicate=2;timepoint=1,s131_S165.fastq.gz
Tw.N2.C.tp1.3,s132_S166,Acropora millepora,Tw_N2_C_tp1_3,N2,North East Orpheus near Orpheus Island Research Station,11/25/18,Australia,nubbin,adult,experiment=three_way;colony=N2;treatment=;replicate=3;timepoint=1,Method=Tagseq;experiment=three_way;colony=N2;treatment=;replicate=3;timepoint=1,s132_S166.fastq.gz
Ht2.N1.T.tp1.1,s133_S167,Acropora millepora,Ht2_N1_T_tp1_1,N1,North East Orpheus near Orpheus Island Research Station,11/25/18,Australia,nubbin,adult,experiment=heat2;colony=N1;treatment=;replicate=1;timepoint=1,Method=Tagseq;experiment=heat2;colony=N1;treatment=;replicate=1;timepoint=1,s133_S167.fastq.gz
Ht2.N1.T.tp1.2,s134_S168,Acropora millepora,Ht2_N1_T_tp1_2,N1,North East Orpheus near Orpheus Island Research Station,11/25/18,Australia,nubbin,adult,experiment=heat2;colony=N1;treatment=;replicate=2;timepoint=1,Method=Tagseq;experiment=heat2;colony=N1;treatment=;replicate=2;timepoint=1,s134_S168.fastq.gz
Ht2.N1.T.tp1.3,s135_S169,Acropora millepora,Ht2_N1_T_tp1_3,N1,North East Orpheus near Orpheus Island Research Station,11/25/18,Australia,nubbin,adult,experiment=heat2;colony=N1;treatment=;replicate=3;timepoint=1,Method=Tagseq;experiment=heat2;colony=N1;treatment=;replicate=3;timepoint=1,s135_S169.fastq.gz
HtC.L1.T.tp1.1,s136_S170,Acropora millepora,HtC_L1_T_tp1_1,L1,Little Pioneer Bay near Orpheus Island Research Station,11/25/18,Australia,nubbin,adult,experiment=hot_to_cold;colony=L1;treatment=;replicate=1;timepoint=1,Method=Tagseq;experiment=hot_to_cold;colony=L1;treatment=;replicate=1;timepoint=1,s136_S170.fastq.gz
HtC.L1.T.tp1.2,s137_S171,Acropora millepora,HtC_L1_T_tp1_2,L1,Little Pioneer Bay near Orpheus Island Research Station,11/25/18,Australia,nubbin,adult,experiment=hot_to_cold;colony=L1;treatment=;replicate=2;timepoint=1,Method=Tagseq;experiment=hot_to_cold;colony=L1;treatment=;replicate=2;timepoint=1,s137_S171.fastq.gz
HtC.L1.T.tp1.3,s138_S172,Acropora millepora,HtC_L1_T_tp1_3,L1,Little Pioneer Bay near Orpheus Island Research Station,11/25/18,Australia,nubbin,adult,experiment=hot_to_cold;colony=L1;treatment=;replicate=3;timepoint=1,Method=Tagseq;experiment=hot_to_cold;colony=L1;treatment=;replicate=3;timepoint=1,s138_S172.fastq.gz
Tw.N1.C.tp1.1,s139_S173,Acropora millepora,Tw_N1_C_tp1_1,N1,North East Orpheus near Orpheus Island Research Station,11/25/18,Australia,nubbin,adult,experiment=three_way;colony=N1;treatment=;replicate=1;timepoint=1,Method=Tagseq;experiment=three_way;colony=N1;treatment=;replicate=1;timepoint=1,s139_S173.fastq.gz
Tw.N1.C.tp1.2,s140_S174,Acropora millepora,Tw_N1_C_tp1_2,N1,North East Orpheus near Orpheus Island Research Station,11/25/18,Australia,nubbin,adult,experiment=three_way;colony=N1;treatment=;replicate=2;timepoint=1,Method=Tagseq;experiment=three_way;colony=N1;treatment=;replicate=2;timepoint=1,s140_S174.fastq.gz
Tw.N1.C.tp1.3,s141_S175,Acropora millepora,Tw_N1_C_tp1_3,N1,North East Orpheus near Orpheus Island Research Station,11/25/18,Australia,nubbin,adult,experiment=three_way;colony=N1;treatment=;replicate=3;timepoint=1,Method=Tagseq;experiment=three_way;colony=N1;treatment=;replicate=3;timepoint=1,s141_S175.fastq.gz
CtH.N2.T.tp1.1,s142_S176,Acropora millepora,CtH_N2_T_tp1_1,N2,North East Orpheus near Orpheus Island Research Station,11/25/18,Australia,nubbin,adult,experiment=cold_to_hot;colony=N2;treatment=;replicate=1;timepoint=1,Method=Tagseq;experiment=cold_to_hot;colony=N2;treatment=;replicate=1;timepoint=1,s142_S176.fastq.gz
CtH.N2.T.tp1.2,s143_S177,Acropora millepora,CtH_N2_T_tp1_2,N2,North East Orpheus near Orpheus Island Research Station,11/25/18,Australia,nubbin,adult,experiment=cold_to_hot;colony=N2;treatment=;replicate=2;timepoint=1,Method=Tagseq;experiment=cold_to_hot;colony=N2;treatment=;replicate=2;timepoint=1,s143_S177.fastq.gz
CtH.N2.T.tp1.3,s144_S178,Acropora millepora,CtH_N2_T_tp1_3,N2,North East Orpheus near Orpheus Island Research Station,11/25/18,Australia,nubbin,adult,experiment=cold_to_hot;colony=N2;treatment=;replicate=3;timepoint=1,Method=Tagseq;experiment=cold_to_hot;colony=N2;treatment=;replicate=3;timepoint=1,s144_S178.fastq.gz
CtH.N1.T.tp1.1,s145_S179,Acropora millepora,CtH_N1_T_tp1_1,N1,North East Orpheus near Orpheus Island Research Station,11/25/18,Australia,nubbin,adult,experiment=cold_to_hot;colony=N1;treatment=;replicate=1;timepoint=1,Method=Tagseq;experiment=cold_to_hot;colony=N1;treatment=;replicate=1;timepoint=1,s145_S179.fastq.gz
CtH.N1.T.tp1.2,s146_S180,Acropora millepora,CtH_N1_T_tp1_2,N1,North East Orpheus near Orpheus Island Research Station,11/25/18,Australia,nubbin,adult,experiment=cold_to_hot;colony=N1;treatment=;replicate=2;timepoint=1,Method=Tagseq;experiment=cold_to_hot;colony=N1;treatment=;replicate=2;timepoint=1,s146_S180.fastq.gz
CtH.N1.T.tp1.3,s147_S181,Acropora millepora,CtH_N1_T_tp1_3,N1,North East Orpheus near Orpheus Island Research Station,11/25/18,Australia,nubbin,adult,experiment=cold_to_hot;colony=N1;treatment=;replicate=3;timepoint=1,Method=Tagseq;experiment=cold_to_hot;colony=N1;treatment=;replicate=3;timepoint=1,s147_S181.fastq.gz
CtH.L1.T.tp1.1,s148_S182,Acropora millepora,CtH_L1_T_tp1_1,L1,Little Pioneer Bay near Orpheus Island Research Station,11/25/18,Australia,nubbin,adult,experiment=cold_to_hot;colony=L1;treatment=;replicate=1;timepoint=1,Method=Tagseq;experiment=cold_to_hot;colony=L1;treatment=;replicate=1;timepoint=1,s148_S182.fastq.gz
CtH.L1.T.tp1.2,s149_S183,Acropora millepora,CtH_L1_T_tp1_2,L1,Little Pioneer Bay near Orpheus Island Research Station,11/25/18,Australia,nubbin,adult,experiment=cold_to_hot;colony=L1;treatment=;replicate=2;timepoint=1,Method=Tagseq;experiment=cold_to_hot;colony=L1;treatment=;replicate=2;timepoint=1,s149_S183.fastq.gz
CtH.L1.T.tp1.3,s150_S184,Acropora millepora,CtH_L1_T_tp1_3,L1,Little Pioneer Bay near Orpheus Island Research Station,11/25/18,Australia,nubbin,adult,experiment=cold_to_hot;colony=L1;treatment=;replicate=3;timepoint=1,Method=Tagseq;experiment=cold_to_hot;colony=L1;treatment=;replicate=3;timepoint=1,s150_S184.fastq.gz
CtH.N1.T.tp2.1,s151_S185,Acropora millepora,CtH_N1_T_tp2_1,N1,North East Orpheus near Orpheus Island Research Station,11/25/18,Australia,nubbin,adult,experiment=cold_to_hot;colony=N1;treatment=;replicate=1;timepoint=2,Method=Tagseq;experiment=cold_to_hot;colony=N1;treatment=;replicate=1;timepoint=2,s151_S185.fastq.gz
CtH.N1.T.tp2.2,s152_S186,Acropora millepora,CtH_N1_T_tp2_2,N1,North East Orpheus near Orpheus Island Research Station,11/25/18,Australia,nubbin,adult,experiment=cold_to_hot;colony=N1;treatment=;replicate=2;timepoint=2,Method=Tagseq;experiment=cold_to_hot;colony=N1;treatment=;replicate=2;timepoint=2,s152_S186.fastq.gz
CtH.N1.T.tp2.3,s153_S187,Acropora millepora,CtH_N1_T_tp2_3,N1,North East Orpheus near Orpheus Island Research Station,11/25/18,Australia,nubbin,adult,experiment=cold_to_hot;colony=N1;treatment=;replicate=3;timepoint=2,Method=Tagseq;experiment=cold_to_hot;colony=N1;treatment=;replicate=3;timepoint=2,s153_S187.fastq.gz
Tw.L1.C.tp2.1,s154_S188,Acropora millepora,Tw_L1_C_tp2_1,L1,Little Pioneer Bay near Orpheus Island Research Station,11/25/18,Australia,nubbin,adult,experiment=three_way;colony=L1;treatment=;replicate=1;timepoint=2,Method=Tagseq;experiment=three_way;colony=L1;treatment=;replicate=1;timepoint=2,s154_S188.fastq.gz
Tw.L1.C.tp2.2,s155_S189,Acropora millepora,Tw_L1_C_tp2_2,L1,Little Pioneer Bay near Orpheus Island Research Station,11/25/18,Australia,nubbin,adult,experiment=three_way;colony=L1;treatment=;replicate=2;timepoint=2,Method=Tagseq;experiment=three_way;colony=L1;treatment=;replicate=2;timepoint=2,s155_S189.fastq.gz
Tw.L1.C.tp2.3,s156_S190,Acropora millepora,Tw_L1_C_tp2_3,L1,Little Pioneer Bay near Orpheus Island Research Station,11/25/18,Australia,nubbin,adult,experiment=three_way;colony=L1;treatment=;replicate=3;timepoint=2,Method=Tagseq;experiment=three_way;colony=L1;treatment=;replicate=3;timepoint=2,s156_S190.fastq.gz
CtH.N2.T.tp2.1,s157_S191,Acropora millepora,CtH_N2_T_tp2_1,N2,North East Orpheus near Orpheus Island Research Station,11/25/18,Australia,nubbin,adult,experiment=cold_to_hot;colony=N2;treatment=;replicate=1;timepoint=2,Method=Tagseq;experiment=cold_to_hot;colony=N2;treatment=;replicate=1;timepoint=2,s157_S191.fastq.gz
CtH.N2.T.tp2.2,s158_S192,Acropora millepora,CtH_N2_T_tp2_2,N2,North East Orpheus near Orpheus Island Research Station,11/25/18,Australia,nubbin,adult,experiment=cold_to_hot;colony=N2;treatment=;replicate=2;timepoint=2,Method=Tagseq;experiment=cold_to_hot;colony=N2;treatment=;replicate=2;timepoint=2,s158_S192.fastq.gz
CtH.N2.T.tp2.3,s159_S193,Acropora millepora,CtH_N2_T_tp2_3,N2,North East Orpheus near Orpheus Island Research Station,11/25/18,Australia,nubbin,adult,experiment=cold_to_hot;colony=N2;treatment=;replicate=3;timepoint=2,Method=Tagseq;experiment=cold_to_hot;colony=N2;treatment=;replicate=3;timepoint=2,s159_S193.fastq.gz
Tw.N2.C.tp2.1,s160_S194,Acropora millepora,Tw_N2_C_tp2_1,N2,North East Orpheus near Orpheus Island Research Station,11/25/18,Australia,nubbin,adult,experiment=three_way;colony=N2;treatment=;replicate=1;timepoint=2,Method=Tagseq;experiment=three_way;colony=N2;treatment=;replicate=1;timepoint=2,s160_S194.fastq.gz
Tw.N2.C.tp2.2,s161_S195,Acropora millepora,Tw_N2_C_tp2_2,N2,North East Orpheus near Orpheus Island Research Station,11/25/18,Australia,nubbin,adult,experiment=three_way;colony=N2;treatment=;replicate=2;timepoint=2,Method=Tagseq;experiment=three_way;colony=N2;treatment=;replicate=2;timepoint=2,s161_S195.fastq.gz
Tw.N2.C.tp2.3,s162_S196,Acropora millepora,Tw_N2_C_tp2_3,N2,North East Orpheus near Orpheus Island Research Station,11/25/18,Australia,nubbin,adult,experiment=three_way;colony=N2;treatment=;replicate=3;timepoint=2,Method=Tagseq;experiment=three_way;colony=N2;treatment=;replicate=3;timepoint=2,s162_S196.fastq.gz
Tw.N1.C.tp2.1,s163_S197,Acropora millepora,Tw_N1_C_tp2_1,N1,North East Orpheus near Orpheus Island Research Station,11/25/18,Australia,nubbin,adult,experiment=three_way;colony=N1;treatment=;replicate=1;timepoint=2,Method=Tagseq;experiment=three_way;colony=N1;treatment=;replicate=1;timepoint=2,s163_S197.fastq.gz
Tw.N1.C.tp2.2,s164_S198,Acropora millepora,Tw_N1_C_tp2_2,N1,North East Orpheus near Orpheus Island Research Station,11/25/18,Australia,nubbin,adult,experiment=three_way;colony=N1;treatment=;replicate=2;timepoint=2,Method=Tagseq;experiment=three_way;colony=N1;treatment=;replicate=2;timepoint=2,s164_S198.fastq.gz
Tw.N1.C.tp2.3,s165_S199,Acropora millepora,Tw_N1_C_tp2_3,N1,North East Orpheus near Orpheus Island Research Station,11/25/18,Australia,nubbin,adult,experiment=three_way;colony=N1;treatment=;replicate=3;timepoint=2,Method=Tagseq;experiment=three_way;colony=N1;treatment=;replicate=3;timepoint=2,s165_S199.fastq.gz
CtH.L1.T.tp2.1,s166_S200,Acropora millepora,CtH_L1_T_tp2_1,L1,Little Pioneer Bay near Orpheus Island Research Station,11/25/18,Australia,nubbin,adult,experiment=cold_to_hot;colony=L1;treatment=;replicate=1;timepoint=2,Method=Tagseq;experiment=cold_to_hot;colony=L1;treatment=;replicate=1;timepoint=2,s166_S200.fastq.gz
CtH.L1.T.tp2.2,s167_S201,Acropora millepora,CtH_L1_T_tp2_2,L1,Little Pioneer Bay near Orpheus Island Research Station,11/25/18,Australia,nubbin,adult,experiment=cold_to_hot;colony=L1;treatment=;replicate=2;timepoint=2,Method=Tagseq;experiment=cold_to_hot;colony=L1;treatment=;replicate=2;timepoint=2,s167_S201.fastq.gz
CtH.L1.T.tp2.3,s168_S202,Acropora millepora,CtH_L1_T_tp2_3,L1,Little Pioneer Bay near Orpheus Island Research Station,11/25/18,Australia,nubbin,adult,experiment=cold_to_hot;colony=L1;treatment=;replicate=3;timepoint=2,Method=Tagseq;experiment=cold_to_hot;colony=L1;treatment=;replicate=3;timepoint=2,s168_S202.fastq.gz
HtC.N2.T.tp1.1,s169_S203,Acropora millepora,HtC_N2_T_tp1_1,N2,North East Orpheus near Orpheus Island Research Station,11/25/18,Australia,nubbin,adult,experiment=hot_to_cold;colony=N2;treatment=;replicate=1;timepoint=1,Method=Tagseq;experiment=hot_to_cold;colony=N2;treatment=;replicate=1;timepoint=1,s169_S203.fastq.gz
HtC.N2.T.tp1.2,s170_S204,Acropora millepora,HtC_N2_T_tp1_2,N2,North East Orpheus near Orpheus Island Research Station,11/25/18,Australia,nubbin,adult,experiment=hot_to_cold;colony=N2;treatment=;replicate=2;timepoint=1,Method=Tagseq;experiment=hot_to_cold;colony=N2;treatment=;replicate=2;timepoint=1,s170_S204.fastq.gz
HtC.N2.T.tp1.3,s171_S205,Acropora millepora,HtC_N2_T_tp1_3,N2,North East Orpheus near Orpheus Island Research Station,11/25/18,Australia,nubbin,adult,experiment=hot_to_cold;colony=N2;treatment=;replicate=3;timepoint=1,Method=Tagseq;experiment=hot_to_cold;colony=N2;treatment=;replicate=3;timepoint=1,s171_S205.fastq.gz
HtC.N1.T.tp1.1,s172_S206,Acropora millepora,HtC_N1_T_tp1_1,N1,North East Orpheus near Orpheus Island Research Station,11/25/18,Australia,nubbin,adult,experiment=hot_to_cold;colony=N1;treatment=;replicate=1;timepoint=1,Method=Tagseq;experiment=hot_to_cold;colony=N1;treatment=;replicate=1;timepoint=1,s172_S206.fastq.gz
HtC.N1.T.tp1.2,s173_S207,Acropora millepora,HtC_N1_T_tp1_2,N1,North East Orpheus near Orpheus Island Research Station,11/25/18,Australia,nubbin,adult,experiment=hot_to_cold;colony=N1;treatment=;replicate=2;timepoint=1,Method=Tagseq;experiment=hot_to_cold;colony=N1;treatment=;replicate=2;timepoint=1,s173_S207.fastq.gz
Ht1.N10.T.tp2.2,s176_S208,Acropora millepora,Ht1_N10_T_tp2_2,N10,North East Orpheus near Orpheus Island Research Station,11/25/18,Australia,nubbin,adult,experiment=heat1;colony=N10;treatment=;replicate=2;timepoint=2,Method=Tagseq;experiment=heat1;colony=N10;treatment=;replicate=2;timepoint=2,s176_S208.fastq.gz
Ht1.N10.T.tp2.3,s177_S209,Acropora millepora,Ht1_N10_T_tp2_3,N10,North East Orpheus near Orpheus Island Research Station,11/25/18,Australia,nubbin,adult,experiment=heat1;colony=N10;treatment=;replicate=3;timepoint=2,Method=Tagseq;experiment=heat1;colony=N10;treatment=;replicate=3;timepoint=2,s177_S209.fastq.gz
Ht1.N1.C.tp2.1,s181_S210,Acropora millepora,Ht1_N1_C_tp2_1,N1,North East Orpheus near Orpheus Island Research Station,11/25/18,Australia,nubbin,adult,experiment=heat1;colony=N1;treatment=;replicate=1;timepoint=2,Method=Tagseq;experiment=heat1;colony=N1;treatment=;replicate=1;timepoint=2,s181_S210.fastq.gz
Ht1.N1.C.tp2.2,s182_S211,Acropora millepora,Ht1_N1_C_tp2_2,N1,North East Orpheus near Orpheus Island Research Station,11/25/18,Australia,nubbin,adult,experiment=heat1;colony=N1;treatment=;replicate=2;timepoint=2,Method=Tagseq;experiment=heat1;colony=N1;treatment=;replicate=2;timepoint=2,s182_S211.fastq.gz
Ht1.N1.C.tp2.3,s183_S212,Acropora millepora,Ht1_N1_C_tp2_3,N1,North East Orpheus near Orpheus Island Research Station,11/25/18,Australia,nubbin,adult,experiment=heat1;colony=N1;treatment=;replicate=3;timepoint=2,Method=Tagseq;experiment=heat1;colony=N1;treatment=;replicate=3;timepoint=2,s183_S212.fastq.gz
Ht1.N10.C.tp2.1,s190_S213,Acropora millepora,Ht1_N10_C_tp2_1,N10,North East Orpheus near Orpheus Island Research Station,11/25/18,Australia,nubbin,adult,experiment=heat1;colony=N10;treatment=;replicate=1;timepoint=2,Method=Tagseq;experiment=heat1;colony=N10;treatment=;replicate=1;timepoint=2,s190_S213.fastq.gz
Ht1.N10.C.tp2.2,s191_S214,Acropora millepora,Ht1_N10_C_tp2_2,N10,North East Orpheus near Orpheus Island Research Station,11/25/18,Australia,nubbin,adult,experiment=heat1;colony=N10;treatment=;replicate=2;timepoint=2,Method=Tagseq;experiment=heat1;colony=N10;treatment=;replicate=2;timepoint=2,s191_S214.fastq.gz
Ht1.N10.C.tp2.3,s192_S215,Acropora millepora,Ht1_N10_C_tp2_3,N10,North East Orpheus near Orpheus Island Research Station,11/25/18,Australia,nubbin,adult,experiment=heat1;colony=N10;treatment=;replicate=3;timepoint=2,Method=Tagseq;experiment=heat1;colony=N10;treatment=;replicate=3;timepoint=2,s192_S215.fastq.gz
