my_title,Run,my_stage,Organism,projType,treat,treatDescription,special,geneCounted,rawCounts,bleached,stress,proj_stress
A_moya_acid_PRJNA149513,SRR401853,recruit,Acropora millepora,pH,control,Control 1,none,7343169,28328761,no,control,A_moya_acid_PRJNA149513_control
A_moya_acid_PRJNA149513,SRR401856,recruit,Acropora millepora,pH,low_pH,750 ppm 1,none,7677487,28807288,no,stressed,A_moya_acid_PRJNA149513_stressed
A_moya_acid_PRJNA149513,SRR401858,recruit,Acropora millepora,pH,low_pH,750 ppm 3,none,8132771,28899079,no,stressed,A_moya_acid_PRJNA149513_stressed
A_moya_acid_PRJNA149513,SRR401859,recruit,Acropora millepora,pH,low_pH,1000 ppm 1,none,7379928,29115000,no,stressed,A_moya_acid_PRJNA149513_stressed
A_moya_acid_PRJNA149513,SRR401860,recruit,Acropora millepora,pH,low_pH,1000 ppm 2,none,8273464,28412758,no,stressed,A_moya_acid_PRJNA149513_stressed
A_moya_acid_PRJNA149513,SRR401861,recruit,Acropora millepora,pH,low_pH,1000 ppm 3,none,8129844,30042580,no,stressed,A_moya_acid_PRJNA149513_stressed
B_whiteBand_PRJNA222758,SRR1015323,adult,Acropora cervicornis,immune,control,healthy,none,2535791,7599200,no,control,B_whiteBand_PRJNA222758_control
B_whiteBand_PRJNA222758,SRR1015340,adult,Acropora cervicornis,immune,challenge,white band,none,1520976,5090010,no,stressed,B_whiteBand_PRJNA222758_stressed
B_whiteBand_PRJNA222758,SRR1015358,adult,Acropora cervicornis,immune,control,healthy,none,4264418,15412184,no,control,B_whiteBand_PRJNA222758_control
E_aspera_PRJNA266455,SRR1653611,adult,Acropora aspera,temp,heat,6DegreeOverAmbient 24 hrs,none,3174715,27588956,no,stressed,E_aspera_PRJNA266455_stressed
E_aspera_PRJNA266455,SRR1653608,adult,Acropora aspera,temp,heat,6DegreeOverAmbient 72 hrs,none,3330560,24416729,no,stressed,E_aspera_PRJNA266455_stressed
F_Uqueensland_ph_PRJNA269992,SRR1703717,adult,Acropora millepora,pH,control,present day,none,9144131,33736675,yes,control,F_Uqueensland_ph_PRJNA269992_control
F_Uqueensland_ph_PRJNA269992,SRR1706955,adult,Acropora millepora,pH,low_pH,RCP4.5,none,15865254,61610173,yes,stressed,F_Uqueensland_ph_PRJNA269992_stressed
F_Uqueensland_ph_PRJNA269992,SRR1703718,adult,Acropora millepora,pH,low_pH,RCP8.5,none,10192384,34500222,yes,stressed,F_Uqueensland_ph_PRJNA269992_stressed
H_matz_heatTolLat_PRJNA279192,SRR1929603,adult,Acropora millepora,temp,heat,3 days at 31.5C,larvae_not_treated,501019,2994295,no,stressed,H_matz_heatTolLat_PRJNA279192_stressed
H_matz_heatTolLat_PRJNA279192,SRR1929601,adult,Acropora millepora,temp,control,3 days at 28C,larvae_not_treated,265368,1344078,no,control,H_matz_heatTolLat_PRJNA279192_control
H_matz_heatTolLat_PRJNA279192,SRR1929599,adult,Acropora millepora,temp,control,3 days at 28C,larvae_not_treated,238609,1152664,no,control,H_matz_heatTolLat_PRJNA279192_control
H_matz_heatTolLat_PRJNA279192,SRR1929597,adult,Acropora millepora,temp,heat,3 days at 31.5C,larvae_not_treated,540032,3250603,no,stressed,H_matz_heatTolLat_PRJNA279192_stressed
H_matz_heatTolLat_PRJNA279192,SRR1929596,adult,Acropora millepora,temp,heat,3 days at 31.5C,larvae_not_treated,442328,2345666,no,stressed,H_matz_heatTolLat_PRJNA279192_stressed
H_matz_heatTolLat_PRJNA279192,SRR1929594,adult,Acropora millepora,temp,control,3 days at 28C,larvae_not_treated,182147,846136,no,control,H_matz_heatTolLat_PRJNA279192_control
H_matz_heatTolLat_PRJNA279192,SRR1929593,adult,Acropora millepora,temp,control,3 days at 28C,larvae_not_treated,188147,1002815,no,control,H_matz_heatTolLat_PRJNA279192_control
H_matz_heatTolLat_PRJNA279192,SRR1929592,adult,Acropora millepora,temp,heat,3 days at 31.5C,larvae_not_treated,498012,2629535,no,stressed,H_matz_heatTolLat_PRJNA279192_stressed
H_matz_heatTolLat_PRJNA279192,SRR1929591,adult,Acropora millepora,temp,heat,3 days at 31.5C,larvae_not_treated,384677,1889177,no,stressed,H_matz_heatTolLat_PRJNA279192_stressed
H_matz_heatTolLat_PRJNA279192,SRR1929590,adult,Acropora millepora,temp,heat,3 days at 31.5C,larvae_not_treated,365590,1943516,no,stressed,H_matz_heatTolLat_PRJNA279192_stressed
H_matz_heatTolLat_PRJNA279192,SRR1929589,adult,Acropora millepora,temp,control,3 days at 28C,larvae_not_treated,198728,769398,no,control,H_matz_heatTolLat_PRJNA279192_control
H_matz_heatTolLat_PRJNA279192,SRR1929588,adult,Acropora millepora,temp,control,3 days at 28C,larvae_not_treated,228299,1004381,no,control,H_matz_heatTolLat_PRJNA279192_control
H_matz_heatTolLat_PRJNA279192,SRR1929584,adult,Acropora millepora,temp,heat,3 days at 31.5C,larvae_not_treated,530576,2563260,no,stressed,H_matz_heatTolLat_PRJNA279192_stressed
H_matz_heatTolLat_PRJNA279192,SRR1929583,adult,Acropora millepora,temp,control,3 days at 28C,larvae_not_treated,268440,1159557,no,control,H_matz_heatTolLat_PRJNA279192_control
H_matz_heatTolLat_PRJNA279192,SRR1929581,adult,Acropora millepora,temp,control,3 days at 28C,larvae_not_treated,415855,2038561,no,control,H_matz_heatTolLat_PRJNA279192_control
J_weiss_immune_PRJNA200542,SRR835878,adult,Acropora millepora,immune,control,control,none,964566,2864198,no,control,J_weiss_immune_PRJNA200542_control
J_weiss_immune_PRJNA200542,SRR835884,adult,Acropora millepora,immune,challenge,bacterial mimic,none,804190,3782808,no,stressed,J_weiss_immune_PRJNA200542_stressed
J_weiss_immune_PRJNA200542,SRR835886,adult,Acropora millepora,immune,challenge,bacterial mimic,none,1180369,5175461,no,stressed,J_weiss_immune_PRJNA200542_stressed
J_weiss_immune_PRJNA200542,SRR835887,adult,Acropora millepora,immune,challenge,bacterial mimic,none,227002,678659,no,stressed,J_weiss_immune_PRJNA200542_stressed
J_weiss_immune_PRJNA200542,SRR835888,adult,Acropora millepora,immune,challenge,bacterial mimic,none,1367301,4363556,no,stressed,J_weiss_immune_PRJNA200542_stressed
J_weiss_immune_PRJNA200542,SRR835891,adult,Acropora millepora,immune,challenge,viral mimic,none,1695255,4244992,no,stressed,J_weiss_immune_PRJNA200542_stressed
J_weiss_immune_PRJNA200542,SRR835889,adult,Acropora millepora,immune,challenge,bacterial mimic,none,1210909,3203927,no,stressed,J_weiss_immune_PRJNA200542_stressed
J_weiss_immune_PRJNA200542,SRR835890,adult,Acropora millepora,immune,challenge,bacterial mimic,none,1748851,4277782,no,stressed,J_weiss_immune_PRJNA200542_stressed
J_weiss_immune_PRJNA200542,SRR835892,adult,Acropora millepora,immune,challenge,viral mimic,none,493118,1100700,no,stressed,J_weiss_immune_PRJNA200542_stressed
J_weiss_immune_PRJNA200542,SRR835893,adult,Acropora millepora,immune,challenge,viral mimic,none,1989490,5318211,no,stressed,J_weiss_immune_PRJNA200542_stressed
J_weiss_immune_PRJNA200542,SRR835895,adult,Acropora millepora,immune,challenge,viral mimic,none,1110812,2700305,no,stressed,J_weiss_immune_PRJNA200542_stressed
J_weiss_immune_PRJNA200542,SRR835896,adult,Acropora millepora,immune,challenge,viral mimic,none,685033,1580216,no,stressed,J_weiss_immune_PRJNA200542_stressed
L_Barshis_bleachResillience_PRJNA177515,SRR629090,adult,Acropora hyacinthus,temp,heat,01_h_HV,none,763126,19577661,yes,stressed,L_Barshis_bleachResillience_PRJNA177515_stressed
L_Barshis_bleachResillience_PRJNA177515,SRR629091,adult,Acropora hyacinthus,temp,control,02_c_HV,none,1637079,18872907,yes,control,L_Barshis_bleachResillience_PRJNA177515_control
L_Barshis_bleachResillience_PRJNA177515,SRR629131,adult,Acropora hyacinthus,temp,control,40_c_MV,none,1299265,9235183,yes,control,L_Barshis_bleachResillience_PRJNA177515_control
L_Barshis_bleachResillience_PRJNA177515,SRR629132,adult,Acropora hyacinthus,temp,heat,40_h_MV,none,963561,10573276,yes,stressed,L_Barshis_bleachResillience_PRJNA177515_stressed
L_Barshis_bleachResillience_PRJNA177515,SRR629135,adult,Acropora hyacinthus,temp,control,45_c_MV,none,299455,5551198,yes,control,L_Barshis_bleachResillience_PRJNA177515_control
L_Barshis_bleachResillience_PRJNA177515,SRR629150,adult,Acropora hyacinthus,temp,control,55_c_MV,none,1539927,17722284,yes,control,L_Barshis_bleachResillience_PRJNA177515_control
L_Barshis_bleachResillience_PRJNA177515,SRR629151,adult,Acropora hyacinthus,temp,heat,55_h_MV,none,858555,17905764,yes,stressed,L_Barshis_bleachResillience_PRJNA177515_stressed
L_Barshis_bleachResillience_PRJNA177515,SRR629155,adult,Acropora hyacinthus,temp,heat,65_h_MV,none,904566,18368411,yes,stressed,L_Barshis_bleachResillience_PRJNA177515_stressed
L_Barshis_bleachResillience_PRJNA177515,SRR629089,adult,Acropora hyacinthus,temp,control,01_c_HV,none,303262,18753443,yes,control,L_Barshis_bleachResillience_PRJNA177515_control
L_Barshis_bleachResillience_PRJNA177515,SRR629095,adult,Acropora hyacinthus,temp,heat,06_h_HV,none,735115,8011684,yes,stressed,L_Barshis_bleachResillience_PRJNA177515_stressed
L_Barshis_bleachResillience_PRJNA177515,SRR629128,adult,Acropora hyacinthus,temp,heat,75_h_HV,none,218116,2440360,yes,stressed,L_Barshis_bleachResillience_PRJNA177515_stressed
L_Barshis_bleachResillience_PRJNA177515,SRR629129,adult,Acropora hyacinthus,temp,control,31_c_MV,none,1973269,15613291,yes,control,L_Barshis_bleachResillience_PRJNA177515_control
L_Barshis_bleachResillience_PRJNA177515,SRR629133,adult,Acropora hyacinthus,temp,control,44_c_MV,none,1189820,16743882,yes,control,L_Barshis_bleachResillience_PRJNA177515_control
L_Barshis_bleachResillience_PRJNA177515,SRR629134,adult,Acropora hyacinthus,temp,heat,44_h_MV,none,922340,16198613,yes,stressed,L_Barshis_bleachResillience_PRJNA177515_stressed
L_Barshis_bleachResillience_PRJNA177515,SRR629136,adult,Acropora hyacinthus,temp,heat,45_h_MV,none,107096,2083128,yes,stressed,L_Barshis_bleachResillience_PRJNA177515_stressed
L_Barshis_bleachResillience_PRJNA177515,SRR629152,adult,Acropora hyacinthus,temp,control,61_c_MV,none,1125991,8838378,yes,control,L_Barshis_bleachResillience_PRJNA177515_control
L_Barshis_bleachResillience_PRJNA177515,SRR629153,adult,Acropora hyacinthus,temp,heat,61_h_MV,none,2534487,15748515,yes,stressed,L_Barshis_bleachResillience_PRJNA177515_stressed
L_Barshis_bleachResillience_PRJNA177515,SRR629154,adult,Acropora hyacinthus,temp,control,65_c_MV,none,1231305,9584976,yes,control,L_Barshis_bleachResillience_PRJNA177515_control
L_Barshis_bleachResillience_PRJNA177515,SRR629156,adult,Acropora hyacinthus,temp,control,68_c_MV,none,126549,18566614,yes,control,L_Barshis_bleachResillience_PRJNA177515_control
L_Barshis_bleachResillience_PRJNA177515,SRR629157,adult,Acropora hyacinthus,temp,heat,68_h_MV,none,903510,6584461,yes,stressed,L_Barshis_bleachResillience_PRJNA177515_stressed
L_Barshis_bleachResillience_PRJNA177515,SRR629159,adult,Acropora hyacinthus,temp,heat,70_h_MV,none,536474,8193882,yes,stressed,L_Barshis_bleachResillience_PRJNA177515_stressed
L_Barshis_bleachResillience_PRJNA177515,SRR629160,adult,Acropora hyacinthus,temp,control,71_c_MV,none,877861,19108917,yes,control,L_Barshis_bleachResillience_PRJNA177515_control
L_Barshis_bleachResillience_PRJNA177515,SRR629161,adult,Acropora hyacinthus,temp,heat,71_h_MV,none,910248,18492498,yes,stressed,L_Barshis_bleachResillience_PRJNA177515_stressed
M_moya_juvenilePh_PRJNA260269,SRR1566166,recruit,Acropora millepora,pH,control,380 ppm CO2,none,5537109,12898069,no,control,M_moya_juvenilePh_PRJNA260269_control
M_moya_juvenilePh_PRJNA260269,SRR1566167,recruit,Acropora millepora,pH,low_pH,750 ppm CO2,none,5431536,12501088,no,stressed,M_moya_juvenilePh_PRJNA260269_stressed
N_Hainan_U_heat_PRJNA308355,SRR3095777,adult,Acropora aculeus,temp,control,Aa_Control,none,11041872,30435303,NA,control,N_Hainan_U_heat_PRJNA308355_control
N_Hainan_U_heat_PRJNA308355,SRR3095778,adult,Acropora aculeus,temp,control,Aa_Control,none,11301549,29084044,NA,control,N_Hainan_U_heat_PRJNA308355_control
N_Hainan_U_heat_PRJNA308355,SRR3095780,adult,Acropora aculeus,temp,heat,Aa_Heat,none,10359256,30151918,NA,stressed,N_Hainan_U_heat_PRJNA308355_stressed
S_rachel_immune_PRJNA319662,SRR3622490,adult,Acropora millepora,immune,control,AC261,laneDups removed with sum_lane_dups.R,104724,385341,no,control,S_rachel_immune_PRJNA319662_control
S_rachel_immune_PRJNA319662,SRR3622493,adult,Acropora millepora,immune,challenge,AD92,laneDups removed with sum_lane_dups.R,115557,530609,no,stressed,S_rachel_immune_PRJNA319662_stressed
S_rachel_immune_PRJNA319662,SRR3622496,adult,Acropora millepora,immune,challenge,AD93,laneDups removed with sum_lane_dups.R,17782,1347483,no,stressed,S_rachel_immune_PRJNA319662_stressed
S_rachel_immune_PRJNA319662,SRR3622499,adult,Acropora millepora,immune,challenge,AO221,laneDups removed with sum_lane_dups.R,75681,262250,no,stressed,S_rachel_immune_PRJNA319662_stressed
S_rachel_immune_PRJNA319662,SRR3622503,adult,Acropora millepora,immune,challenge,AO222,laneDups removed with sum_lane_dups.R,75440,262612,no,stressed,S_rachel_immune_PRJNA319662_stressed
S_rachel_immune_PRJNA319662,SRR3622506,adult,Acropora millepora,immune,challenge,AO223,laneDups removed with sum_lane_dups.R,104131,367955,no,stressed,S_rachel_immune_PRJNA319662_stressed
S_rachel_immune_PRJNA319662,SRR3622512,adult,Acropora millepora,immune,control,AC262,laneDups removed with sum_lane_dups.R,171086,699399,no,control,S_rachel_immune_PRJNA319662_control
S_rachel_immune_PRJNA319662,SRR3622513,adult,Acropora millepora,immune,challenge,AO263,laneDups removed with sum_lane_dups.R,117430,473595,no,stressed,S_rachel_immune_PRJNA319662_stressed
S_rachel_immune_PRJNA319662,SRR3622516,adult,Acropora millepora,immune,challenge,AO273,laneDups removed with sum_lane_dups.R,162282,770792,no,stressed,S_rachel_immune_PRJNA319662_stressed
S_rachel_immune_PRJNA319662,SRR3622519,adult,Acropora millepora,immune,challenge,AO301,laneDups removed with sum_lane_dups.R,187856,820147,no,stressed,S_rachel_immune_PRJNA319662_stressed
S_rachel_immune_PRJNA319662,SRR3622522,adult,Acropora millepora,immune,challenge,AO302,laneDups removed with sum_lane_dups.R,141283,719120,no,stressed,S_rachel_immune_PRJNA319662_stressed
S_rachel_immune_PRJNA319662,SRR3622526,adult,Acropora millepora,immune,challenge,AO303,laneDups removed with sum_lane_dups.R,68641,228095,no,stressed,S_rachel_immune_PRJNA319662_stressed
S_rachel_immune_PRJNA319662,SRR3622532,adult,Acropora millepora,immune,challenge,AO42,laneDups removed with sum_lane_dups.R,70500,301869,no,stressed,S_rachel_immune_PRJNA319662_stressed
S_rachel_immune_PRJNA319662,SRR3622536,adult,Acropora millepora,immune,challenge,AO43,laneDups removed with sum_lane_dups.R,163669,657922,no,stressed,S_rachel_immune_PRJNA319662_stressed
S_rachel_immune_PRJNA319662,SRR3622539,adult,Acropora millepora,immune,challenge,AO52,laneDups removed with sum_lane_dups.R,152668,600871,no,stressed,S_rachel_immune_PRJNA319662_stressed
S_rachel_immune_PRJNA319662,SRR3622546,adult,Acropora millepora,immune,challenge,AO71,laneDups removed with sum_lane_dups.R,117121,448075,no,stressed,S_rachel_immune_PRJNA319662_stressed
S_rachel_immune_PRJNA319662,SRR3622545,adult,Acropora millepora,immune,control,AC272,laneDups removed with sum_lane_dups.R,99740,390063,no,control,S_rachel_immune_PRJNA319662_control
S_rachel_immune_PRJNA319662,SRR3622549,adult,Acropora millepora,immune,challenge,AO72,laneDups removed with sum_lane_dups.R,132461,610706,no,stressed,S_rachel_immune_PRJNA319662_stressed
S_rachel_immune_PRJNA319662,SRR3622553,adult,Acropora millepora,immune,challenge,AO73,laneDups removed with sum_lane_dups.R,64937,230686,no,stressed,S_rachel_immune_PRJNA319662_stressed
S_rachel_immune_PRJNA319662,SRR3622559,adult,Acropora millepora,immune,challenge,AO93,laneDups removed with sum_lane_dups.R,10964,442299,no,stressed,S_rachel_immune_PRJNA319662_stressed
S_rachel_immune_PRJNA319662,SRR3622588,adult,Acropora millepora,immune,control,NC221,laneDups removed with sum_lane_dups.R,94691,344541,no,control,S_rachel_immune_PRJNA319662_control
S_rachel_immune_PRJNA319662,SRR3622595,adult,Acropora millepora,immune,control,NC223,laneDups removed with sum_lane_dups.R,124901,478894,no,control,S_rachel_immune_PRJNA319662_control
S_rachel_immune_PRJNA319662,SRR3622606,adult,Acropora millepora,immune,control,NC263,laneDups removed with sum_lane_dups.R,185461,876498,no,control,S_rachel_immune_PRJNA319662_control
S_rachel_immune_PRJNA319662,SRR3622609,adult,Acropora millepora,immune,control,NC271,laneDups removed with sum_lane_dups.R,141042,535132,no,control,S_rachel_immune_PRJNA319662_control
S_rachel_immune_PRJNA319662,SRR3622612,adult,Acropora millepora,immune,control,AC301,laneDups removed with sum_lane_dups.R,192081,807518,no,control,S_rachel_immune_PRJNA319662_control
S_rachel_immune_PRJNA319662,SRR3622613,adult,Acropora millepora,immune,control,NC272,laneDups removed with sum_lane_dups.R,126257,473868,no,control,S_rachel_immune_PRJNA319662_control
S_rachel_immune_PRJNA319662,SRR3622616,adult,Acropora millepora,immune,control,NC273,laneDups removed with sum_lane_dups.R,142857,514598,no,control,S_rachel_immune_PRJNA319662_control
S_rachel_immune_PRJNA319662,SRR3622626,adult,Acropora millepora,immune,control,NC303,laneDups removed with sum_lane_dups.R,248724,1231831,no,control,S_rachel_immune_PRJNA319662_control
S_rachel_immune_PRJNA319662,SRR3622629,adult,Acropora millepora,immune,control,NC41,laneDups removed with sum_lane_dups.R,192887,832307,no,control,S_rachel_immune_PRJNA319662_control
S_rachel_immune_PRJNA319662,SRR3622632,adult,Acropora millepora,immune,control,NC42,laneDups removed with sum_lane_dups.R,243523,1027344,no,control,S_rachel_immune_PRJNA319662_control
S_rachel_immune_PRJNA319662,SRR3622636,adult,Acropora millepora,immune,control,NC43,laneDups removed with sum_lane_dups.R,131647,491336,no,control,S_rachel_immune_PRJNA319662_control
S_rachel_immune_PRJNA319662,SRR3622639,adult,Acropora millepora,immune,control,NC51,laneDups removed with sum_lane_dups.R,200165,913039,no,control,S_rachel_immune_PRJNA319662_control
S_rachel_immune_PRJNA319662,SRR3622642,adult,Acropora millepora,immune,control,NC52,laneDups removed with sum_lane_dups.R,173850,750856,no,control,S_rachel_immune_PRJNA319662_control
S_rachel_immune_PRJNA319662,SRR3622646,adult,Acropora millepora,immune,control,NC53,laneDups removed with sum_lane_dups.R,175361,808700,no,control,S_rachel_immune_PRJNA319662_control
S_rachel_immune_PRJNA319662,SRR3622652,adult,Acropora millepora,immune,control,NC72,laneDups removed with sum_lane_dups.R,277557,1387808,no,control,S_rachel_immune_PRJNA319662_control
S_rachel_immune_PRJNA319662,SRR3622655,adult,Acropora millepora,immune,control,NC73,laneDups removed with sum_lane_dups.R,265687,1209847,no,control,S_rachel_immune_PRJNA319662_control
S_rachel_immune_PRJNA319662,SRR3622659,adult,Acropora millepora,immune,control,NC91,laneDups removed with sum_lane_dups.R,197678,870980,no,control,S_rachel_immune_PRJNA319662_control
S_rachel_immune_PRJNA319662,SRR3622666,adult,Acropora millepora,immune,control,NC93,laneDups removed with sum_lane_dups.R,177626,740275,no,control,S_rachel_immune_PRJNA319662_control
S_rachel_immune_PRJNA319662,SRR3622672,adult,Acropora millepora,immune,challenge,ND262,laneDups removed with sum_lane_dups.R,14726,1002646,no,stressed,S_rachel_immune_PRJNA319662_stressed
S_rachel_immune_PRJNA319662,SRR3622676,adult,Acropora millepora,immune,challenge,ND271,laneDups removed with sum_lane_dups.R,117384,731778,no,stressed,S_rachel_immune_PRJNA319662_stressed
S_rachel_immune_PRJNA319662,SRR3622678,adult,Acropora millepora,immune,control,AC303,laneDups removed with sum_lane_dups.R,118796,469706,no,control,S_rachel_immune_PRJNA319662_control
S_rachel_immune_PRJNA319662,SRR3622680,adult,Acropora millepora,immune,challenge,ND273,laneDups removed with sum_lane_dups.R,113371,427968,no,stressed,S_rachel_immune_PRJNA319662_stressed
S_rachel_immune_PRJNA319662,SRR3622692,adult,Acropora millepora,immune,challenge,ND41,laneDups removed with sum_lane_dups.R,189340,848619,no,stressed,S_rachel_immune_PRJNA319662_stressed
S_rachel_immune_PRJNA319662,SRR3622695,adult,Acropora millepora,immune,challenge,ND42,laneDups removed with sum_lane_dups.R,9688,250611,no,stressed,S_rachel_immune_PRJNA319662_stressed
S_rachel_immune_PRJNA319662,SRR3622713,adult,Acropora millepora,immune,challenge,ND73,laneDups removed with sum_lane_dups.R,180752,841540,no,stressed,S_rachel_immune_PRJNA319662_stressed
S_rachel_immune_PRJNA319662,SRR3622719,adult,Acropora millepora,immune,challenge,ND93,laneDups removed with sum_lane_dups.R,18071,280972,no,stressed,S_rachel_immune_PRJNA319662_stressed
S_rachel_immune_PRJNA319662,SRR3622722,adult,Acropora millepora,immune,challenge,NO221,laneDups removed with sum_lane_dups.R,156230,596453,no,stressed,S_rachel_immune_PRJNA319662_stressed
S_rachel_immune_PRJNA319662,SRR3622726,adult,Acropora millepora,immune,challenge,NO222,laneDups removed with sum_lane_dups.R,97056,352126,no,stressed,S_rachel_immune_PRJNA319662_stressed
S_rachel_immune_PRJNA319662,SRR3622732,adult,Acropora millepora,immune,challenge,NO262,laneDups removed with sum_lane_dups.R,153182,559289,no,stressed,S_rachel_immune_PRJNA319662_stressed
S_rachel_immune_PRJNA319662,SRR3622742,adult,Acropora millepora,immune,challenge,NO273,laneDups removed with sum_lane_dups.R,327875,1474061,no,stressed,S_rachel_immune_PRJNA319662_stressed
S_rachel_immune_PRJNA319662,SRR3622745,adult,Acropora millepora,immune,control,AC42,laneDups removed with sum_lane_dups.R,251440,1161396,no,control,S_rachel_immune_PRJNA319662_control
S_rachel_immune_PRJNA319662,SRR3622746,adult,Acropora millepora,immune,challenge,NO301,laneDups removed with sum_lane_dups.R,240890,1015003,no,stressed,S_rachel_immune_PRJNA319662_stressed
S_rachel_immune_PRJNA319662,SRR3622749,adult,Acropora millepora,immune,challenge,NO302,laneDups removed with sum_lane_dups.R,122834,531856,no,stressed,S_rachel_immune_PRJNA319662_stressed
S_rachel_immune_PRJNA319662,SRR3622752,adult,Acropora millepora,immune,challenge,NO303,laneDups removed with sum_lane_dups.R,132383,530226,no,stressed,S_rachel_immune_PRJNA319662_stressed
S_rachel_immune_PRJNA319662,SRR3622755,adult,Acropora millepora,immune,challenge,NO41,laneDups removed with sum_lane_dups.R,176108,745414,no,stressed,S_rachel_immune_PRJNA319662_stressed
S_rachel_immune_PRJNA319662,SRR3622771,adult,Acropora millepora,immune,challenge,NO42,laneDups removed with sum_lane_dups.R,270095,1383393,no,stressed,S_rachel_immune_PRJNA319662_stressed
S_rachel_immune_PRJNA319662,SRR3622777,adult,Acropora millepora,immune,challenge,NO52,laneDups removed with sum_lane_dups.R,266078,1226868,no,stressed,S_rachel_immune_PRJNA319662_stressed
S_rachel_immune_PRJNA319662,SRR3622781,adult,Acropora millepora,immune,challenge,NO53,laneDups removed with sum_lane_dups.R,199145,1105572,no,stressed,S_rachel_immune_PRJNA319662_stressed
S_rachel_immune_PRJNA319662,SRR3622784,adult,Acropora millepora,immune,challenge,NO71,laneDups removed with sum_lane_dups.R,257265,1241282,no,stressed,S_rachel_immune_PRJNA319662_stressed
S_rachel_immune_PRJNA319662,SRR3622794,adult,Acropora millepora,immune,challenge,NO91,laneDups removed with sum_lane_dups.R,146089,633740,no,stressed,S_rachel_immune_PRJNA319662_stressed
S_rachel_immune_PRJNA319662,SRR3622797,adult,Acropora millepora,immune,challenge,NO92,laneDups removed with sum_lane_dups.R,232215,1157137,no,stressed,S_rachel_immune_PRJNA319662_stressed
S_rachel_immune_PRJNA319662,SRR3622800,adult,Acropora millepora,immune,challenge,NO93,laneDups removed with sum_lane_dups.R,24203,223300,no,stressed,S_rachel_immune_PRJNA319662_stressed
S_rachel_immune_PRJNA319662,SRR3622841,adult,Acropora millepora,immune,control,AC53,laneDups removed with sum_lane_dups.R,232810,1060783,no,control,S_rachel_immune_PRJNA319662_control
S_rachel_immune_PRJNA319662,SRR3622854,adult,Acropora millepora,immune,control,AC72,laneDups removed with sum_lane_dups.R,324244,1517731,no,control,S_rachel_immune_PRJNA319662_control
S_rachel_immune_PRJNA319662,SRR3622861,adult,Acropora millepora,immune,control,AC91,laneDups removed with sum_lane_dups.R,67483,252943,no,control,S_rachel_immune_PRJNA319662_control
S_rachel_immune_PRJNA319662,SRR3622864,adult,Acropora millepora,immune,control,AC92,laneDups removed with sum_lane_dups.R,10436,706008,no,control,S_rachel_immune_PRJNA319662_control
S_rachel_immune_PRJNA319662,SRR3622867,adult,Acropora millepora,immune,control,AC93,laneDups removed with sum_lane_dups.R,15405,1184492,no,control,S_rachel_immune_PRJNA319662_control
S_rachel_immune_PRJNA319662,SRR3622870,adult,Acropora millepora,immune,control,AC223,laneDups removed with sum_lane_dups.R,141394,528157,no,control,S_rachel_immune_PRJNA319662_control
S_rachel_immune_PRJNA319662,SRR3622877,adult,Acropora millepora,immune,challenge,AD223,laneDups removed with sum_lane_dups.R,95717,381213,no,stressed,S_rachel_immune_PRJNA319662_stressed
S_rachel_immune_PRJNA319662,SRR3622880,adult,Acropora millepora,immune,challenge,AD261,laneDups removed with sum_lane_dups.R,143625,579946,no,stressed,S_rachel_immune_PRJNA319662_stressed
S_rachel_immune_PRJNA319662,SRR3622900,adult,Acropora millepora,immune,challenge,AD51,laneDups removed with sum_lane_dups.R,124136,487393,no,stressed,S_rachel_immune_PRJNA319662_stressed
S_rachel_immune_PRJNA319662,SRR3622907,adult,Acropora millepora,immune,challenge,AD72,laneDups removed with sum_lane_dups.R,77919,328784,no,stressed,S_rachel_immune_PRJNA319662_stressed
W_gajigan_thermalMicroRNA_PRJNA298496,SRR5236067,adult,Acropora digitifera,temp,heat,34C,none,10431818,20088208,NA,stressed,W_gajigan_thermalMicroRNA_PRJNA298496_stressed
W_gajigan_thermalMicroRNA_PRJNA298496,SRR5236069,adult,Acropora digitifera,temp,control,29C,none,11595867,22547214,NA,control,W_gajigan_thermalMicroRNA_PRJNA298496_control
W_gajigan_thermalMicroRNA_PRJNA298496,SRR5236070,adult,Acropora digitifera,temp,control,29C,none,8156240,16381803,NA,control,W_gajigan_thermalMicroRNA_PRJNA298496_control
b1_Aguilar_hypoosmotic_stress_PRJNA380267,SRR5374530,adult,Acropora millepora,salinity,low_salinity,1h_25psu_23gen_Amill,none,4956832,11835085,no,stressed,b1_Aguilar_hypoosmotic_stress_PRJNA380267_stressed
b1_Aguilar_hypoosmotic_stress_PRJNA380267,SRR5374532,adult,Acropora millepora,salinity,low_salinity,1h_25psu_33gen_Amill,none,5215106,13312548,no,stressed,b1_Aguilar_hypoosmotic_stress_PRJNA380267_stressed
b1_Aguilar_hypoosmotic_stress_PRJNA380267,SRR5374533,adult,Acropora millepora,salinity,low_salinity,1h_25psu_34gen_Amill,none,2984155,7826298,no,stressed,b1_Aguilar_hypoosmotic_stress_PRJNA380267_stressed
b1_Aguilar_hypoosmotic_stress_PRJNA380267,SRR5374536,adult,Acropora millepora,salinity,control,1h_35psu_26gen_Amill,none,3992944,9458133,no,control,b1_Aguilar_hypoosmotic_stress_PRJNA380267_control
b1_Aguilar_hypoosmotic_stress_PRJNA380267,SRR5374537,adult,Acropora millepora,salinity,control,1h_35psu_33gen_Amill,none,5372543,13424934,no,control,b1_Aguilar_hypoosmotic_stress_PRJNA380267_control
b1_Aguilar_hypoosmotic_stress_PRJNA380267,SRR5374539,adult,Acropora millepora,salinity,low_salinity,24h_25psu_23gen_Amill,none,4255959,10098221,no,stressed,b1_Aguilar_hypoosmotic_stress_PRJNA380267_stressed
b1_Aguilar_hypoosmotic_stress_PRJNA380267,SRR5374540,adult,Acropora millepora,salinity,low_salinity,24h_25psu_33gen_Amill,none,3565116,8128730,no,stressed,b1_Aguilar_hypoosmotic_stress_PRJNA380267_stressed
b1_Aguilar_hypoosmotic_stress_PRJNA380267,SRR5374544,adult,Acropora millepora,salinity,control,24h_35psu_26gen_Amill,none,4833216,12096922,no,control,b1_Aguilar_hypoosmotic_stress_PRJNA380267_control
b1_Aguilar_hypoosmotic_stress_PRJNA380267,SRR5374545,adult,Acropora millepora,salinity,control,24h_35psu_33gen_Amill,none,3078958,7876713,no,control,b1_Aguilar_hypoosmotic_stress_PRJNA380267_control
b1_Aguilar_hypoosmotic_stress_PRJNA380267,SRR5374547,recruit,Acropora millepora,salinity,control,24h_35psu_180_Amill,none,5250586,7701033,no,control,b1_Aguilar_hypoosmotic_stress_PRJNA380267_control
b1_Aguilar_hypoosmotic_stress_PRJNA380267,SRR5374548,recruit,Acropora millepora,salinity,control,24h_35psu_181_Amill,none,4096554,6229651,no,control,b1_Aguilar_hypoosmotic_stress_PRJNA380267_control
b1_Aguilar_hypoosmotic_stress_PRJNA380267,SRR5374549,recruit,Acropora millepora,salinity,control,24h_35psu_186_Amill,none,6590390,9900736,no,control,b1_Aguilar_hypoosmotic_stress_PRJNA380267_control
b1_Aguilar_hypoosmotic_stress_PRJNA380267,SRR5374550,recruit,Acropora millepora,salinity,control,24h_35psu_187_Amill,none,6633471,11079939,no,control,b1_Aguilar_hypoosmotic_stress_PRJNA380267_control
b1_Aguilar_hypoosmotic_stress_PRJNA380267,SRR5374551,recruit,Acropora millepora,salinity,control,24h_35psu_192_Amill,none,6214445,9812732,no,control,b1_Aguilar_hypoosmotic_stress_PRJNA380267_control
b1_Aguilar_hypoosmotic_stress_PRJNA380267,SRR5374552,recruit,Acropora millepora,salinity,control,24h_35psu_193_Amill,none,5203283,7962223,no,control,b1_Aguilar_hypoosmotic_stress_PRJNA380267_control
b1_Aguilar_hypoosmotic_stress_PRJNA380267,SRR5374554,recruit,Acropora millepora,salinity,low_salinity,24h_28psu_197_Amill,none,5418761,7960382,no,stressed,b1_Aguilar_hypoosmotic_stress_PRJNA380267_stressed
b1_Aguilar_hypoosmotic_stress_PRJNA380267,SRR5374558,recruit,Acropora millepora,salinity,low_salinity,24h_28psu_209_Amill,none,5502319,8262098,no,stressed,b1_Aguilar_hypoosmotic_stress_PRJNA380267_stressed
b1_Aguilar_hypoosmotic_stress_PRJNA380267,SRR5374559,recruit,Acropora millepora,salinity,control,48h_35psu_214_Amill,none,5754353,8436866,no,control,b1_Aguilar_hypoosmotic_stress_PRJNA380267_control
b1_Aguilar_hypoosmotic_stress_PRJNA380267,SRR5374561,recruit,Acropora millepora,salinity,control,48h_35psu_220_Amill,none,4361289,6660444,no,control,b1_Aguilar_hypoosmotic_stress_PRJNA380267_control
b1_Aguilar_hypoosmotic_stress_PRJNA380267,SRR5374562,recruit,Acropora millepora,salinity,control,48h_35psu_222_Amill,none,6514310,9944146,no,control,b1_Aguilar_hypoosmotic_stress_PRJNA380267_control
b1_Aguilar_hypoosmotic_stress_PRJNA380267,SRR5374563,recruit,Acropora millepora,salinity,control,48h_35psu_226_Amill,none,6317126,9476438,no,control,b1_Aguilar_hypoosmotic_stress_PRJNA380267_control
b1_Aguilar_hypoosmotic_stress_PRJNA380267,SRR5374566,recruit,Acropora millepora,salinity,low_salinity,48h_28psu_238_Amill,none,3291204,4851716,no,stressed,b1_Aguilar_hypoosmotic_stress_PRJNA380267_stressed
b1_Aguilar_hypoosmotic_stress_PRJNA380267,SRR5374567,recruit,Acropora millepora,salinity,low_salinity,48h_28psu_239_Amill,none,5094969,7758165,no,stressed,b1_Aguilar_hypoosmotic_stress_PRJNA380267_stressed
b1_Aguilar_hypoosmotic_stress_PRJNA380267,SRR5374568,recruit,Acropora millepora,salinity,low_salinity,48h_28psu_244_Amill,none,3748315,5584392,no,stressed,b1_Aguilar_hypoosmotic_stress_PRJNA380267_stressed
b1_Aguilar_hypoosmotic_stress_PRJNA380267,SRR5374569,recruit,Acropora millepora,salinity,low_salinity,48h_28psu_245_Amill,none,2891098,4361404,no,stressed,b1_Aguilar_hypoosmotic_stress_PRJNA380267_stressed
b1_Aguilar_hypoosmotic_stress_PRJNA380267,SRR5378429,adult,Acropora millepora,salinity,low_salinity,1h_25psu_22gen_Amill rep 2,none,4310432,10958039,no,stressed,b1_Aguilar_hypoosmotic_stress_PRJNA380267_stressed
b1_Aguilar_hypoosmotic_stress_PRJNA380267,SRR5378430,adult,Acropora millepora,salinity,control,1h_35psu_22gen_Amill rep 2,none,4637841,12449487,no,control,b1_Aguilar_hypoosmotic_stress_PRJNA380267_control
b1_Aguilar_hypoosmotic_stress_PRJNA380267,SRR5378432,adult,Acropora millepora,salinity,control,24h_35psu_22gen_Amill rep 2,none,4495009,12378721,no,control,b1_Aguilar_hypoosmotic_stress_PRJNA380267_control
f1_parkinson_hotCold_PRJNA423227,SRR6396371,adult,Acropora cervicornis,temp,control,1hr_24-28c_summer_Miami,none,4521894,42189417,NA,control,f1_parkinson_hotCold_PRJNA423227_control
f1_parkinson_hotCold_PRJNA423227,SRR6396373,adult,Acropora cervicornis,temp,heat,1hr_35C_summer_Miami,none,4882630,38599594,NA,stressed,f1_parkinson_hotCold_PRJNA423227_stressed
f1_parkinson_hotCold_PRJNA423227,SRR6396374,adult,Acropora cervicornis,temp,control,1hr_24-28C_summer_LowerKeys,none,3021004,48948847,NA,control,f1_parkinson_hotCold_PRJNA423227_control
f1_parkinson_hotCold_PRJNA423227,SRR6396376,adult,Acropora cervicornis,temp,heat,1hr_35C_summer_LowerKeys,none,3037725,37330899,NA,stressed,f1_parkinson_hotCold_PRJNA423227_stressed
f1_parkinson_hotCold_PRJNA423227,SRR6396377,adult,Acropora cervicornis,temp,control,1hr_24-28C_winter_Miami,none,5496904,39323153,NA,control,f1_parkinson_hotCold_PRJNA423227_control
f1_parkinson_hotCold_PRJNA423227,SRR6396378,adult,Acropora cervicornis,temp,cold,1hr_10C_winter_LowerKeys,none,4764083,40518257,NA,stressed,f1_parkinson_hotCold_PRJNA423227_stressed
f1_parkinson_hotCold_PRJNA423227,SRR6396379,adult,Acropora cervicornis,temp,heat,1hr_35C_winter_Miami,none,5847834,38374168,NA,stressed,f1_parkinson_hotCold_PRJNA423227_stressed
f1_parkinson_hotCold_PRJNA423227,SRR6396381,adult,Acropora cervicornis,temp,cold,1hr_10C_winter_Miami,none,4834146,35487235,NA,stressed,f1_parkinson_hotCold_PRJNA423227_stressed
f1_parkinson_hotCold_PRJNA423227,SRR6396382,adult,Acropora cervicornis,temp,heat,1hr_35C_winter_LowerKeys,none,5268665,37602471,NA,stressed,f1_parkinson_hotCold_PRJNA423227_stressed
j1_thisStudy_PRJNA559404,s2_S40,adult,Acropora millepora,temp,control,Ht1.L1.C.tp1.2,none,387500,1593332,yes,control,j1_thisStudy_PRJNA559404_control
j1_thisStudy_PRJNA559404,s3_S41,adult,Acropora millepora,temp,control,Ht1.L1.C.tp1.3,none,371466,1597239,yes,control,j1_thisStudy_PRJNA559404_control
j1_thisStudy_PRJNA559404,s4_S42,adult,Acropora millepora,temp,control,Ht1.N2.C.tp1.1,none,423648,1722630,yes,control,j1_thisStudy_PRJNA559404_control
j1_thisStudy_PRJNA559404,s6_S44,adult,Acropora millepora,temp,control,Ht1.N2.C.tp1.3,none,373012,1871035,yes,control,j1_thisStudy_PRJNA559404_control
j1_thisStudy_PRJNA559404,s8_S46,adult,Acropora millepora,temp,heat,Ht1.L1.T.tp1.2,none,396394,1995718,yes,stressed,j1_thisStudy_PRJNA559404_stressed
j1_thisStudy_PRJNA559404,s10_S48,adult,Acropora millepora,temp,heat,Ht1.N2.T.tp1.1,none,372093,1614285,yes,stressed,j1_thisStudy_PRJNA559404_stressed
j1_thisStudy_PRJNA559404,s11_S49,adult,Acropora millepora,temp,heat,Ht1.N2.T.tp1.2,none,331714,1565480,yes,stressed,j1_thisStudy_PRJNA559404_stressed
j1_thisStudy_PRJNA559404,s12_S50,adult,Acropora millepora,temp,heat,Ht1.N2.T.tp1.3,none,314050,1626594,yes,stressed,j1_thisStudy_PRJNA559404_stressed
j1_thisStudy_PRJNA559404,s13_S51,adult,Acropora millepora,temp,control,Ht1.N1.C.tp1.1,none,464883,2055933,yes,control,j1_thisStudy_PRJNA559404_control
j1_thisStudy_PRJNA559404,s15_S53,adult,Acropora millepora,temp,control,Ht1.N1.C.tp1.3,none,388318,1829454,yes,control,j1_thisStudy_PRJNA559404_control
j1_thisStudy_PRJNA559404,s16_S54,adult,Acropora millepora,temp,control,Ht1.N10.C.tp1.1,none,521707,2160274,yes,control,j1_thisStudy_PRJNA559404_control
j1_thisStudy_PRJNA559404,s17_S55,adult,Acropora millepora,temp,control,Ht1.N10.C.tp1.2,none,489364,2060292,yes,control,j1_thisStudy_PRJNA559404_control
j1_thisStudy_PRJNA559404,s18_S56,adult,Acropora millepora,temp,control,Ht1.N10.C.tp1.3,none,466522,1975303,yes,control,j1_thisStudy_PRJNA559404_control
j1_thisStudy_PRJNA559404,s19_S57,adult,Acropora millepora,temp,heat,Ht1.N1.T.tp1.1,none,367073,1846821,yes,stressed,j1_thisStudy_PRJNA559404_stressed
j1_thisStudy_PRJNA559404,s24_S62,adult,Acropora millepora,temp,heat,Ht1.N10.T.tp1.3,none,490887,2302343,yes,stressed,j1_thisStudy_PRJNA559404_stressed
j1_thisStudy_PRJNA559404,s27_S65,adult,Acropora millepora,temp,control,Ht1.L1.C.tp2.3,none,405169,1780183,yes,control,j1_thisStudy_PRJNA559404_control
j1_thisStudy_PRJNA559404,s29_S67,adult,Acropora millepora,temp,control,Ht1.N2.C.tp2.2,none,399720,2093130,yes,control,j1_thisStudy_PRJNA559404_control
j1_thisStudy_PRJNA559404,s30_S68,adult,Acropora millepora,temp,control,Ht1.N2.C.tp2.3,none,546835,2477138,yes,control,j1_thisStudy_PRJNA559404_control
j1_thisStudy_PRJNA559404,s31_S69,adult,Acropora millepora,temp,heat,Ht1.L1.T.tp2.1,none,425492,2139418,yes,stressed,j1_thisStudy_PRJNA559404_stressed
j1_thisStudy_PRJNA559404,s33_S71,adult,Acropora millepora,temp,heat,Ht1.L1.T.tp2.3,none,409994,1435315,yes,stressed,j1_thisStudy_PRJNA559404_stressed
j1_thisStudy_PRJNA559404,s34_S72,adult,Acropora millepora,temp,heat,Ht1.N2.T.tp2.1,none,425367,1519196,yes,stressed,j1_thisStudy_PRJNA559404_stressed
j1_thisStudy_PRJNA559404,s42_S79,adult,Acropora millepora,salinity,control,Ls.N2.C.tp2.3,none,394603,1483523,yes,control,j1_thisStudy_PRJNA559404_control
j1_thisStudy_PRJNA559404,s44_S81,adult,Acropora millepora,salinity,low_salinity,Ls.L1.T.tp2.2,none,242080,1070334,yes,stressed,j1_thisStudy_PRJNA559404_stressed
j1_thisStudy_PRJNA559404,s46_S83,adult,Acropora millepora,salinity,control,Ls.L1.C.tp2.1,none,525094,2237676,yes,control,j1_thisStudy_PRJNA559404_control
j1_thisStudy_PRJNA559404,s47_S84,adult,Acropora millepora,salinity,control,Ls.L1.C.tp2.2,none,435909,2101138,yes,control,j1_thisStudy_PRJNA559404_control
j1_thisStudy_PRJNA559404,s48_S85,adult,Acropora millepora,salinity,control,Ls.L1.C.tp2.3,none,394880,1736242,yes,control,j1_thisStudy_PRJNA559404_control
j1_thisStudy_PRJNA559404,s49_S86,adult,Acropora millepora,salinity,low_salinity,Ls.N1.T.tp2.1,none,475277,1762063,yes,stressed,j1_thisStudy_PRJNA559404_stressed
j1_thisStudy_PRJNA559404,s54_S91,adult,Acropora millepora,salinity,low_salinity,Ls.N10.T.tp2.3,none,475798,1688136,yes,stressed,j1_thisStudy_PRJNA559404_stressed
j1_thisStudy_PRJNA559404,s55_S92,adult,Acropora millepora,salinity,control,Ls.N1.C.tp2.1,none,475769,1996012,yes,control,j1_thisStudy_PRJNA559404_control
j1_thisStudy_PRJNA559404,s56_S93,adult,Acropora millepora,salinity,control,Ls.N1.C.tp2.2,none,437803,1990056,yes,control,j1_thisStudy_PRJNA559404_control
j1_thisStudy_PRJNA559404,s57_S94,adult,Acropora millepora,salinity,control,Ls.N1.C.tp2.3,none,467059,1839557,yes,control,j1_thisStudy_PRJNA559404_control
j1_thisStudy_PRJNA559404,s63_S100,adult,Acropora millepora,temp,cold,Ch.N1.T.tp1.3,none,407440,1916296,yes,stressed,j1_thisStudy_PRJNA559404_stressed
j1_thisStudy_PRJNA559404,s65_S102,adult,Acropora millepora,temp,cold,Ch.N2.T.tp1.2,none,443161,1833637,yes,stressed,j1_thisStudy_PRJNA559404_stressed
j1_thisStudy_PRJNA559404,s66_S103,adult,Acropora millepora,temp,cold,Ch.L1.T.tp1.1,none,379759,1407466,yes,stressed,j1_thisStudy_PRJNA559404_stressed
j1_thisStudy_PRJNA559404,s70_S107,adult,Acropora millepora,temp,control,Ch.L1.C.tp1.1,none,451402,1958756,yes,control,j1_thisStudy_PRJNA559404_control
j1_thisStudy_PRJNA559404,s71_S108,adult,Acropora millepora,temp,control,Ch.L1.C.tp1.2,none,557953,2367021,yes,control,j1_thisStudy_PRJNA559404_control
j1_thisStudy_PRJNA559404,s72_S109,adult,Acropora millepora,temp,control,Ch.L1.C.tp1.3,none,424138,1912157,yes,control,j1_thisStudy_PRJNA559404_control
j1_thisStudy_PRJNA559404,s73_S110,adult,Acropora millepora,temp,cold,Ch.L1.T.tp1.3,none,449270,1842239,yes,stressed,j1_thisStudy_PRJNA559404_stressed
j1_thisStudy_PRJNA559404,s75_S112,adult,Acropora millepora,temp,cold,Ch.N2.T.tp1.3,none,367928,1712434,yes,stressed,j1_thisStudy_PRJNA559404_stressed
j1_thisStudy_PRJNA559404,s76_S113,adult,Acropora millepora,temp,control,Ch.N2.C.tp1.1,none,411289,2019040,yes,control,j1_thisStudy_PRJNA559404_control
j1_thisStudy_PRJNA559404,s78_S115,adult,Acropora millepora,temp,control,Ch.N2.C.tp1.3,none,380011,1797401,yes,control,j1_thisStudy_PRJNA559404_control
j1_thisStudy_PRJNA559404,s79_S116,adult,Acropora millepora,temp,cold,Ch.N10.T.tp1.1,none,433672,1898597,yes,stressed,j1_thisStudy_PRJNA559404_stressed
j1_thisStudy_PRJNA559404,s84_S121,adult,Acropora millepora,temp,control,Ch.N10.C.tp1.3,none,411445,1813624,yes,control,j1_thisStudy_PRJNA559404_control
j1_thisStudy_PRJNA559404,s86_S123,adult,Acropora millepora,salinity,low_salinity,Ls.N2.T.tp1.2,none,331225,1722319,yes,stressed,j1_thisStudy_PRJNA559404_stressed
j1_thisStudy_PRJNA559404,s90_S127,adult,Acropora millepora,salinity,low_salinity,Ls.N10.T.tp1.3,none,379788,1718149,yes,stressed,j1_thisStudy_PRJNA559404_stressed
j1_thisStudy_PRJNA559404,s91_S128,adult,Acropora millepora,salinity,control,Ls.N2.C.tp1.1,none,385708,1570305,yes,control,j1_thisStudy_PRJNA559404_control
j1_thisStudy_PRJNA559404,s92_S129,adult,Acropora millepora,salinity,control,Ls.N2.C.tp1.2,none,383501,1684534,yes,control,j1_thisStudy_PRJNA559404_control
j1_thisStudy_PRJNA559404,s93_S130,adult,Acropora millepora,salinity,control,Ls.N2.C.tp1.3,none,405204,1951277,yes,control,j1_thisStudy_PRJNA559404_control
j1_thisStudy_PRJNA559404,s94_S131,adult,Acropora millepora,salinity,control,Ls.N1.C.tp1.1,none,333235,1704214,yes,control,j1_thisStudy_PRJNA559404_control
j1_thisStudy_PRJNA559404,s95_S132,adult,Acropora millepora,salinity,control,Ls.N1.C.tp1.2,none,366090,1675927,yes,control,j1_thisStudy_PRJNA559404_control
j1_thisStudy_PRJNA559404,s96_S133,adult,Acropora millepora,salinity,control,Ls.N1.C.tp1.3,none,459568,1938342,yes,control,j1_thisStudy_PRJNA559404_control
j1_thisStudy_PRJNA559404,s97_S134,adult,Acropora millepora,salinity,low_salinity,Ls.N1.T.tp1.1,none,386658,1943512,yes,stressed,j1_thisStudy_PRJNA559404_stressed
j1_thisStudy_PRJNA559404,s99_S136,adult,Acropora millepora,salinity,low_salinity,Ls.N1.T.tp1.3,none,314060,1307530,yes,stressed,j1_thisStudy_PRJNA559404_stressed
j1_thisStudy_PRJNA559404,s100_S137,adult,Acropora millepora,salinity,control,Ls.N10.C.tp1.1,none,367485,1256021,yes,control,j1_thisStudy_PRJNA559404_control
j1_thisStudy_PRJNA559404,s102_S139,adult,Acropora millepora,salinity,control,Ls.N10.C.tp1.3,none,509766,2030614,yes,control,j1_thisStudy_PRJNA559404_control
j1_thisStudy_PRJNA559404,s104_S140,adult,Acropora millepora,salinity,low_salinity,Ls.L1.T.tp1.2,none,333327,1618932,yes,stressed,j1_thisStudy_PRJNA559404_stressed
j1_thisStudy_PRJNA559404,s105_S141,adult,Acropora millepora,salinity,low_salinity,Ls.L1.T.tp1.3,none,346921,1632229,yes,stressed,j1_thisStudy_PRJNA559404_stressed
j1_thisStudy_PRJNA559404,s106_S142,adult,Acropora millepora,salinity,control,Ls.L1.C.tp1.1,none,557874,2608133,yes,control,j1_thisStudy_PRJNA559404_control
j1_thisStudy_PRJNA559404,s107_S143,adult,Acropora millepora,salinity,control,Ls.L1.C.tp1.2,none,363891,1518838,yes,control,j1_thisStudy_PRJNA559404_control
j1_thisStudy_PRJNA559404,s110_S145,adult,Acropora millepora,multiple,control,Tw.N10.C.tp1.2,none,343584,1308852,yes,control,j1_thisStudy_PRJNA559404_control
j1_thisStudy_PRJNA559404,s111_S146,adult,Acropora millepora,multiple,control,Tw.N10.C.tp1.3,none,337470,1394730,yes,control,j1_thisStudy_PRJNA559404_control
j1_thisStudy_PRJNA559404,s112_S147,adult,Acropora millepora,temp,heat,Ht2.N10.T.tp1.1,none,333576,1483434,yes,stressed,j1_thisStudy_PRJNA559404_stressed
j1_thisStudy_PRJNA559404,s114_S149,adult,Acropora millepora,temp,heat,Ht2.N10.T.tp1.3,none,280997,1393061,yes,stressed,j1_thisStudy_PRJNA559404_stressed
j1_thisStudy_PRJNA559404,s115_S150,adult,Acropora millepora,multiple,heat_then_cold,HtC.N10.T.tp1.1,none,348565,1584864,yes,stressed,j1_thisStudy_PRJNA559404_stressed
j1_thisStudy_PRJNA559404,s117_S152,adult,Acropora millepora,multiple,heat_then_cold,HtC.N10.T.tp1.3,none,418126,1763236,yes,stressed,j1_thisStudy_PRJNA559404_stressed
j1_thisStudy_PRJNA559404,s121_S156,adult,Acropora millepora,temp,heat,Ht2.L1.T.tp1.1,none,417453,1786906,yes,stressed,j1_thisStudy_PRJNA559404_stressed
j1_thisStudy_PRJNA559404,s123_S158,adult,Acropora millepora,temp,heat,Ht2.L1.T.tp1.3,none,675010,3020379,yes,stressed,j1_thisStudy_PRJNA559404_stressed
j1_thisStudy_PRJNA559404,s128_S162,adult,Acropora millepora,multiple,control,Tw.L1.C.tp1.2,none,378710,1482670,yes,control,j1_thisStudy_PRJNA559404_control
j1_thisStudy_PRJNA559404,s129_S163,adult,Acropora millepora,multiple,control,Tw.L1.C.tp1.3,none,374720,1419878,yes,control,j1_thisStudy_PRJNA559404_control
j1_thisStudy_PRJNA559404,s131_S165,adult,Acropora millepora,multiple,control,Tw.N2.C.tp1.2,none,378220,1380702,yes,control,j1_thisStudy_PRJNA559404_control
j1_thisStudy_PRJNA559404,s132_S166,adult,Acropora millepora,multiple,control,Tw.N2.C.tp1.3,none,404898,1490641,yes,control,j1_thisStudy_PRJNA559404_control
j1_thisStudy_PRJNA559404,s133_S167,adult,Acropora millepora,temp,heat,Ht2.N1.T.tp1.1,none,284938,1253200,yes,stressed,j1_thisStudy_PRJNA559404_stressed
j1_thisStudy_PRJNA559404,s134_S168,adult,Acropora millepora,temp,heat,Ht2.N1.T.tp1.2,none,262255,1147966,yes,stressed,j1_thisStudy_PRJNA559404_stressed
j1_thisStudy_PRJNA559404,s136_S170,adult,Acropora millepora,multiple,heat_then_cold,HtC.L1.T.tp1.1,none,222850,1277301,yes,stressed,j1_thisStudy_PRJNA559404_stressed
j1_thisStudy_PRJNA559404,s137_S171,adult,Acropora millepora,multiple,heat_then_cold,HtC.L1.T.tp1.2,none,359957,1432802,yes,stressed,j1_thisStudy_PRJNA559404_stressed
j1_thisStudy_PRJNA559404,s138_S172,adult,Acropora millepora,multiple,heat_then_cold,HtC.L1.T.tp1.3,none,404347,1572482,yes,stressed,j1_thisStudy_PRJNA559404_stressed
j1_thisStudy_PRJNA559404,s139_S173,adult,Acropora millepora,multiple,control,Tw.N1.C.tp1.1,none,369095,1669139,yes,control,j1_thisStudy_PRJNA559404_control
j1_thisStudy_PRJNA559404,s140_S174,adult,Acropora millepora,multiple,control,Tw.N1.C.tp1.2,none,327892,1491696,yes,control,j1_thisStudy_PRJNA559404_control
j1_thisStudy_PRJNA559404,s141_S175,adult,Acropora millepora,multiple,control,Tw.N1.C.tp1.3,none,392322,1428365,yes,control,j1_thisStudy_PRJNA559404_control
j1_thisStudy_PRJNA559404,s144_S178,adult,Acropora millepora,multiple,cold_then_heat,CtH.N2.T.tp1.3,none,438305,1738886,yes,stressed,j1_thisStudy_PRJNA559404_stressed
j1_thisStudy_PRJNA559404,s145_S179,adult,Acropora millepora,multiple,cold_then_heat,CtH.N1.T.tp1.1,none,486078,2007401,yes,stressed,j1_thisStudy_PRJNA559404_stressed
j1_thisStudy_PRJNA559404,s147_S181,adult,Acropora millepora,multiple,cold_then_heat,CtH.N1.T.tp1.3,none,483489,1845215,yes,stressed,j1_thisStudy_PRJNA559404_stressed
j1_thisStudy_PRJNA559404,s148_S182,adult,Acropora millepora,multiple,cold_then_heat,CtH.L1.T.tp1.1,none,464093,1698817,yes,stressed,j1_thisStudy_PRJNA559404_stressed
j1_thisStudy_PRJNA559404,s150_S184,adult,Acropora millepora,multiple,cold_then_heat,CtH.L1.T.tp1.3,none,317348,1403782,yes,stressed,j1_thisStudy_PRJNA559404_stressed
j1_thisStudy_PRJNA559404,s151_S185,adult,Acropora millepora,multiple,cold_then_heat,CtH.N1.T.tp2.1,none,351286,1385674,yes,stressed,j1_thisStudy_PRJNA559404_stressed
j1_thisStudy_PRJNA559404,s154_S188,adult,Acropora millepora,multiple,control,Tw.L1.C.tp2.1,none,482518,1995404,yes,control,j1_thisStudy_PRJNA559404_control
j1_thisStudy_PRJNA559404,s155_S189,adult,Acropora millepora,multiple,control,Tw.L1.C.tp2.2,none,444094,1696665,yes,control,j1_thisStudy_PRJNA559404_control
j1_thisStudy_PRJNA559404,s156_S190,adult,Acropora millepora,multiple,control,Tw.L1.C.tp2.3,none,502816,1875259,yes,control,j1_thisStudy_PRJNA559404_control
j1_thisStudy_PRJNA559404,s158_S192,adult,Acropora millepora,multiple,cold_then_heat,CtH.N2.T.tp2.2,none,312519,1191606,yes,stressed,j1_thisStudy_PRJNA559404_stressed
j1_thisStudy_PRJNA559404,s160_S194,adult,Acropora millepora,multiple,control,Tw.N2.C.tp2.1,none,514566,2368154,yes,control,j1_thisStudy_PRJNA559404_control
j1_thisStudy_PRJNA559404,s161_S195,adult,Acropora millepora,multiple,control,Tw.N2.C.tp2.2,none,451292,1904157,yes,control,j1_thisStudy_PRJNA559404_control
j1_thisStudy_PRJNA559404,s163_S197,adult,Acropora millepora,multiple,control,Tw.N1.C.tp2.1,none,463548,1999283,yes,control,j1_thisStudy_PRJNA559404_control
j1_thisStudy_PRJNA559404,s170_S204,adult,Acropora millepora,multiple,heat_then_cold,HtC.N2.T.tp1.2,none,442077,2012780,yes,stressed,j1_thisStudy_PRJNA559404_stressed
j1_thisStudy_PRJNA559404,s172_S206,adult,Acropora millepora,multiple,heat_then_cold,HtC.N1.T.tp1.1,none,398131,1803808,yes,stressed,j1_thisStudy_PRJNA559404_stressed
j1_thisStudy_PRJNA559404,s176_S208,adult,Acropora millepora,temp,heat,Ht1.N10.T.tp2.2,none,454464,1743188,yes,stressed,j1_thisStudy_PRJNA559404_stressed
j1_thisStudy_PRJNA559404,s177_S209,adult,Acropora millepora,temp,heat,Ht1.N10.T.tp2.3,none,344683,1420446,yes,stressed,j1_thisStudy_PRJNA559404_stressed
j1_thisStudy_PRJNA559404,s181_S210,adult,Acropora millepora,temp,control,Ht1.N1.C.tp2.1,none,405127,1894762,yes,control,j1_thisStudy_PRJNA559404_control
j1_thisStudy_PRJNA559404,s190_S213,adult,Acropora millepora,temp,control,Ht1.N10.C.tp2.1,none,408168,1621789,yes,control,j1_thisStudy_PRJNA559404_control
j1_thisStudy_PRJNA559404,s192_S215,adult,Acropora millepora,temp,control,Ht1.N10.C.tp2.3,none,294560,1555424,yes,control,j1_thisStudy_PRJNA559404_control
k1_Palumbi_lab_heat_resilience_PRJNA274410,SRR1812166,adult,Acropora hyacinthus,temp,control,X12_86_300_c_5h,none,2443150,12778011,no,control,k1_Palumbi_lab_heat_resilience_PRJNA274410_control
k1_Palumbi_lab_heat_resilience_PRJNA274410,SRR1812167,adult,Acropora hyacinthus,temp,control,X2_6_300_c_5h,none,2465168,15641172,no,control,k1_Palumbi_lab_heat_resilience_PRJNA274410_control
k1_Palumbi_lab_heat_resilience_PRJNA274410,SRR1812168,adult,Acropora hyacinthus,temp,control,X26_27_300_c_5h,none,2335988,15912475,no,control,k1_Palumbi_lab_heat_resilience_PRJNA274410_control
k1_Palumbi_lab_heat_resilience_PRJNA274410,SRR1812170,adult,Acropora hyacinthus,temp,control,X34_83_300_c_5h,none,2785202,16189295,no,control,k1_Palumbi_lab_heat_resilience_PRJNA274410_control
k1_Palumbi_lab_heat_resilience_PRJNA274410,SRR1812171,adult,Acropora hyacinthus,temp,control,X36_85_300_c_5h,none,2332504,13334847,no,control,k1_Palumbi_lab_heat_resilience_PRJNA274410_control
k1_Palumbi_lab_heat_resilience_PRJNA274410,SRR1812172,adult,Acropora hyacinthus,temp,control,X56_75_300_c_5h,none,3081462,16600423,no,control,k1_Palumbi_lab_heat_resilience_PRJNA274410_control
k1_Palumbi_lab_heat_resilience_PRJNA274410,SRR1812174,adult,Acropora hyacinthus,temp,control,X60_7_300_c_5h,none,2379692,14267316,no,control,k1_Palumbi_lab_heat_resilience_PRJNA274410_control
k1_Palumbi_lab_heat_resilience_PRJNA274410,SRR1812175,adult,Acropora hyacinthus,temp,control,X62_88_300_c_5h,none,1682645,12562144,no,control,k1_Palumbi_lab_heat_resilience_PRJNA274410_control
k1_Palumbi_lab_heat_resilience_PRJNA274410,SRR1812176,adult,Acropora hyacinthus,temp,heat,X24_86_300_h_5h,none,1742912,12370134,no,stressed,k1_Palumbi_lab_heat_resilience_PRJNA274410_stressed
k1_Palumbi_lab_heat_resilience_PRJNA274410,SRR1812178,adult,Acropora hyacinthus,temp,heat,X38_27_300_h_5h,none,2413660,21495396,no,stressed,k1_Palumbi_lab_heat_resilience_PRJNA274410_stressed
k1_Palumbi_lab_heat_resilience_PRJNA274410,SRR1812181,adult,Acropora hyacinthus,temp,heat,X48_85_300_h_5h,none,1987130,11774547,no,stressed,k1_Palumbi_lab_heat_resilience_PRJNA274410_stressed
k1_Palumbi_lab_heat_resilience_PRJNA274410,SRR1812182,adult,Acropora hyacinthus,temp,heat,X70_75_300_h_5h,none,2674373,20136626,no,stressed,k1_Palumbi_lab_heat_resilience_PRJNA274410_stressed
k1_Palumbi_lab_heat_resilience_PRJNA274410,SRR1812183,adult,Acropora hyacinthus,temp,heat,X72_4_300_h_5h,none,1459188,16333244,no,stressed,k1_Palumbi_lab_heat_resilience_PRJNA274410_stressed
k1_Palumbi_lab_heat_resilience_PRJNA274410,SRR1812185,adult,Acropora hyacinthus,temp,heat,X76_88_300_h_5h,none,1894217,13632540,no,stressed,k1_Palumbi_lab_heat_resilience_PRJNA274410_stressed
k1_Palumbi_lab_heat_resilience_PRJNA274410,SRR1812186,adult,Acropora hyacinthus,temp,control,X27_102_400_c_5h,none,2393925,13466085,no,control,k1_Palumbi_lab_heat_resilience_PRJNA274410_control
k1_Palumbi_lab_heat_resilience_PRJNA274410,SRR1812187,adult,Acropora hyacinthus,temp,control,X3_70_400_c_5h,none,3138521,16319629,no,control,k1_Palumbi_lab_heat_resilience_PRJNA274410_control
k1_Palumbi_lab_heat_resilience_PRJNA274410,SRR1812189,adult,Acropora hyacinthus,temp,control,X33_11_400_c_5h,none,2800407,15630171,no,control,k1_Palumbi_lab_heat_resilience_PRJNA274410_control
k1_Palumbi_lab_heat_resilience_PRJNA274410,SRR1812190,adult,Acropora hyacinthus,temp,control,X49_89_400_c_5h,none,3079755,14536378,no,control,k1_Palumbi_lab_heat_resilience_PRJNA274410_control
k1_Palumbi_lab_heat_resilience_PRJNA274410,SRR1812191,adult,Acropora hyacinthus,temp,control,X5_65_400_c_5h,none,2763017,13523938,no,control,k1_Palumbi_lab_heat_resilience_PRJNA274410_control
k1_Palumbi_lab_heat_resilience_PRJNA274410,SRR1812192,adult,Acropora hyacinthus,temp,control,X51_68_400_c_5h,none,3110371,16922482,no,control,k1_Palumbi_lab_heat_resilience_PRJNA274410_control
k1_Palumbi_lab_heat_resilience_PRJNA274410,SRR1812194,adult,Acropora hyacinthus,temp,control,X7_40_400_c_5h,none,2341131,13505758,no,control,k1_Palumbi_lab_heat_resilience_PRJNA274410_control
k1_Palumbi_lab_heat_resilience_PRJNA274410,SRR1812195,adult,Acropora hyacinthus,temp,heat,X39_102_400_h_5h,none,2201208,17035885,no,stressed,k1_Palumbi_lab_heat_resilience_PRJNA274410_stressed
k1_Palumbi_lab_heat_resilience_PRJNA274410,SRR1812197,adult,Acropora hyacinthus,temp,heat,X43_28_400_h_5h,none,1924101,11899752,no,stressed,k1_Palumbi_lab_heat_resilience_PRJNA274410_stressed
k1_Palumbi_lab_heat_resilience_PRJNA274410,SRR1812200,adult,Acropora hyacinthus,temp,heat,X17_65_400_h_5h,none,2002301,14074215,no,stressed,k1_Palumbi_lab_heat_resilience_PRJNA274410_stressed
k1_Palumbi_lab_heat_resilience_PRJNA274410,SRR1812201,adult,Acropora hyacinthus,temp,heat,X65_68_400_h_5h,none,2039178,14297611,no,stressed,k1_Palumbi_lab_heat_resilience_PRJNA274410_stressed
k1_Palumbi_lab_heat_resilience_PRJNA274410,SRR1812202,adult,Acropora hyacinthus,temp,heat,X67_64_400_h_5h,none,2064107,12461975,no,stressed,k1_Palumbi_lab_heat_resilience_PRJNA274410_stressed
k1_Palumbi_lab_heat_resilience_PRJNA274410,SRR1812204,adult,Acropora hyacinthus,temp,control,X11_86_400_c_5h,none,2493971,12879008,no,control,k1_Palumbi_lab_heat_resilience_PRJNA274410_control
k1_Palumbi_lab_heat_resilience_PRJNA274410,SRR1812205,adult,Acropora hyacinthus,temp,control,X1_6_400_c_5h,none,2465170,13088805,no,control,k1_Palumbi_lab_heat_resilience_PRJNA274410_control
k1_Palumbi_lab_heat_resilience_PRJNA274410,SRR1812207,adult,Acropora hyacinthus,temp,control,X29_87_400_c_5h,none,2375681,13357979,no,control,k1_Palumbi_lab_heat_resilience_PRJNA274410_control
k1_Palumbi_lab_heat_resilience_PRJNA274410,SRR1812209,adult,Acropora hyacinthus,temp,control,X35_85_400_c_5h,none,2311693,14055020,no,control,k1_Palumbi_lab_heat_resilience_PRJNA274410_control
k1_Palumbi_lab_heat_resilience_PRJNA274410,SRR1812211,adult,Acropora hyacinthus,temp,control,X57_4_400_c_5h,none,3304258,17749200,no,control,k1_Palumbi_lab_heat_resilience_PRJNA274410_control
k1_Palumbi_lab_heat_resilience_PRJNA274410,SRR1812212,adult,Acropora hyacinthus,temp,control,X59_7_400_c_5h,none,2797847,14490992,no,control,k1_Palumbi_lab_heat_resilience_PRJNA274410_control
k1_Palumbi_lab_heat_resilience_PRJNA274410,SRR1812213,adult,Acropora hyacinthus,temp,control,X61_88_400_c_5h,none,2907160,13777174,no,control,k1_Palumbi_lab_heat_resilience_PRJNA274410_control
k1_Palumbi_lab_heat_resilience_PRJNA274410,SRR1812217,adult,Acropora hyacinthus,temp,heat,X41_87_400_h_5h,none,1869338,13252839,no,stressed,k1_Palumbi_lab_heat_resilience_PRJNA274410_stressed
k1_Palumbi_lab_heat_resilience_PRJNA274410,SRR1812219,adult,Acropora hyacinthus,temp,heat,X47_85_400_h_5h,none,1849722,10429404,no,stressed,k1_Palumbi_lab_heat_resilience_PRJNA274410_stressed
k1_Palumbi_lab_heat_resilience_PRJNA274410,SRR1812221,adult,Acropora hyacinthus,temp,heat,X71_4_400_h_5h,none,2108196,13929254,no,stressed,k1_Palumbi_lab_heat_resilience_PRJNA274410_stressed
k1_Palumbi_lab_heat_resilience_PRJNA274410,SRR1812222,adult,Acropora hyacinthus,temp,heat,X73_7_400_h_5h,none,2026660,14674810,no,stressed,k1_Palumbi_lab_heat_resilience_PRJNA274410_stressed
k1_Palumbi_lab_heat_resilience_PRJNA274410,SRR1812225,adult,Acropora hyacinthus,temp,control,X4_70_300_c_5h,none,2228441,13395971,no,control,k1_Palumbi_lab_heat_resilience_PRJNA274410_control
k1_Palumbi_lab_heat_resilience_PRJNA274410,SRR1812226,adult,Acropora hyacinthus,temp,control,X32_28_300_c_5h,none,2340569,12902605,no,control,k1_Palumbi_lab_heat_resilience_PRJNA274410_control
k1_Palumbi_lab_heat_resilience_PRJNA274410,SRR1812227,adult,Acropora hyacinthus,temp,control,X10_11_300_c_5h,none,2122179,12966848,no,control,k1_Palumbi_lab_heat_resilience_PRJNA274410_control
k1_Palumbi_lab_heat_resilience_PRJNA274410,SRR1812228,adult,Acropora hyacinthus,temp,control,X50_89_300_c_5h,none,3354335,18384678,no,control,k1_Palumbi_lab_heat_resilience_PRJNA274410_control
k1_Palumbi_lab_heat_resilience_PRJNA274410,SRR1812230,adult,Acropora hyacinthus,temp,control,X52_61_300_c_5h,none,2834119,15489605,no,control,k1_Palumbi_lab_heat_resilience_PRJNA274410_control
k1_Palumbi_lab_heat_resilience_PRJNA274410,SRR1812231,adult,Acropora hyacinthus,temp,control,X54_64_300_c_5h,none,2181826,13707939,no,control,k1_Palumbi_lab_heat_resilience_PRJNA274410_control
k1_Palumbi_lab_heat_resilience_PRJNA274410,SRR1812232,adult,Acropora hyacinthus,temp,control,X8_40_300_c_5h,none,2571473,16969360,no,control,k1_Palumbi_lab_heat_resilience_PRJNA274410_control
k1_Palumbi_lab_heat_resilience_PRJNA274410,SRR1812234,adult,Acropora hyacinthus,temp,heat,X16_70_300_h_5h,none,2018065,14238843,no,stressed,k1_Palumbi_lab_heat_resilience_PRJNA274410_stressed
k1_Palumbi_lab_heat_resilience_PRJNA274410,SRR1812236,adult,Acropora hyacinthus,temp,heat,X22_11_300_h_5h,none,2128329,16444074,no,stressed,k1_Palumbi_lab_heat_resilience_PRJNA274410_stressed
k1_Palumbi_lab_heat_resilience_PRJNA274410,SRR1812237,adult,Acropora hyacinthus,temp,heat,X64_89_300_h_5h,none,2179224,16365761,no,stressed,k1_Palumbi_lab_heat_resilience_PRJNA274410_stressed
k1_Palumbi_lab_heat_resilience_PRJNA274410,SRR1812238,adult,Acropora hyacinthus,temp,heat,X18_65_300_h_5h,none,2307113,13478359,no,stressed,k1_Palumbi_lab_heat_resilience_PRJNA274410_stressed
k1_Palumbi_lab_heat_resilience_PRJNA274410,SRR1812239,adult,Acropora hyacinthus,temp,heat,X66_61_300_h_5h,none,2006420,14025814,no,stressed,k1_Palumbi_lab_heat_resilience_PRJNA274410_stressed
k1_Palumbi_lab_heat_resilience_PRJNA274410,SRR1812240,adult,Acropora hyacinthus,temp,heat,X68_64_300_h_5h,none,1785649,13265666,no,stressed,k1_Palumbi_lab_heat_resilience_PRJNA274410_stressed
k1_Palumbi_lab_heat_resilience_PRJNA274410,SRR1812241,adult,Acropora hyacinthus,temp,heat,X20_40_300_h_5h,none,1511106,12821776,no,stressed,k1_Palumbi_lab_heat_resilience_PRJNA274410_stressed
k1_Palumbi_lab_heat_resilience_PRJNA274410,SRR1812242,adult,Acropora hyacinthus,temp,control,X140_86_300_c_20h,none,2746461,16123368,yes,control,k1_Palumbi_lab_heat_resilience_PRJNA274410_control
k1_Palumbi_lab_heat_resilience_PRJNA274410,SRR1812246,adult,Acropora hyacinthus,temp,control,X86_83_300_c_20h,none,2762450,13103995,yes,control,k1_Palumbi_lab_heat_resilience_PRJNA274410_control
k1_Palumbi_lab_heat_resilience_PRJNA274410,SRR1812247,adult,Acropora hyacinthus,temp,control,X88_85_300_c_20h,none,2765471,15465141,yes,control,k1_Palumbi_lab_heat_resilience_PRJNA274410_control
k1_Palumbi_lab_heat_resilience_PRJNA274410,SRR1812248,adult,Acropora hyacinthus,temp,control,X108_75_300_c_20h,none,1217877,10452228,yes,control,k1_Palumbi_lab_heat_resilience_PRJNA274410_control
k1_Palumbi_lab_heat_resilience_PRJNA274410,SRR1812249,adult,Acropora hyacinthus,temp,control,X110_4_300_c_20h,none,2259942,11794924,yes,control,k1_Palumbi_lab_heat_resilience_PRJNA274410_control
k1_Palumbi_lab_heat_resilience_PRJNA274410,SRR1812251,adult,Acropora hyacinthus,temp,control,X114_88_300_c_20h,none,1901613,17486858,yes,control,k1_Palumbi_lab_heat_resilience_PRJNA274410_control
k1_Palumbi_lab_heat_resilience_PRJNA274410,SRR1812252,adult,Acropora hyacinthus,temp,heat,X152_86_300_h_20h,none,3264075,20286338,yes,stressed,k1_Palumbi_lab_heat_resilience_PRJNA274410_stressed
k1_Palumbi_lab_heat_resilience_PRJNA274410,SRR1812253,adult,Acropora hyacinthus,temp,heat,X142_6_300_h_20h,none,2105226,11023468,yes,stressed,k1_Palumbi_lab_heat_resilience_PRJNA274410_stressed
k1_Palumbi_lab_heat_resilience_PRJNA274410,SRR1812254,adult,Acropora hyacinthus,temp,heat,X90_27_300_h_20h,none,2602604,16286308,yes,stressed,k1_Palumbi_lab_heat_resilience_PRJNA274410_stressed
k1_Palumbi_lab_heat_resilience_PRJNA274410,SRR1812255,adult,Acropora hyacinthus,temp,heat,X94_87_300_h_20h,none,2226541,12590060,yes,stressed,k1_Palumbi_lab_heat_resilience_PRJNA274410_stressed
k1_Palumbi_lab_heat_resilience_PRJNA274410,SRR1812256,adult,Acropora hyacinthus,temp,heat,X98_83_300_h_20h,none,2216235,10797138,yes,stressed,k1_Palumbi_lab_heat_resilience_PRJNA274410_stressed
k1_Palumbi_lab_heat_resilience_PRJNA274410,SRR1812258,adult,Acropora hyacinthus,temp,heat,X122_75_300_h_20h,none,1987109,13605831,yes,stressed,k1_Palumbi_lab_heat_resilience_PRJNA274410_stressed
k1_Palumbi_lab_heat_resilience_PRJNA274410,SRR1812259,adult,Acropora hyacinthus,temp,heat,X124_4_300_h_20h,none,1837939,12964724,yes,stressed,k1_Palumbi_lab_heat_resilience_PRJNA274410_stressed
k1_Palumbi_lab_heat_resilience_PRJNA274410,SRR1812260,adult,Acropora hyacinthus,temp,heat,X126_7_300_h_20h,none,3196120,22095469,yes,stressed,k1_Palumbi_lab_heat_resilience_PRJNA274410_stressed
k1_Palumbi_lab_heat_resilience_PRJNA274410,SRR1812262,adult,Acropora hyacinthus,temp,control,X79_102_400_c_20h,none,3165830,16829487,yes,control,k1_Palumbi_lab_heat_resilience_PRJNA274410_control
k1_Palumbi_lab_heat_resilience_PRJNA274410,SRR1812268,adult,Acropora hyacinthus,temp,control,X103_68_400_c_20h,none,3693800,20314962,yes,control,k1_Palumbi_lab_heat_resilience_PRJNA274410_control
k1_Palumbi_lab_heat_resilience_PRJNA274410,SRR1812271,adult,Acropora hyacinthus,temp,heat,X91_102_400_h_20h,none,2488547,15679314,yes,stressed,k1_Palumbi_lab_heat_resilience_PRJNA274410_stressed
k1_Palumbi_lab_heat_resilience_PRJNA274410,SRR1812272,adult,Acropora hyacinthus,temp,heat,X143_70_400_h_20h,none,2295079,11870402,yes,stressed,k1_Palumbi_lab_heat_resilience_PRJNA274410_stressed
k1_Palumbi_lab_heat_resilience_PRJNA274410,SRR1812274,adult,Acropora hyacinthus,temp,heat,X97_11_400_h_20h,none,2223288,11528773,yes,stressed,k1_Palumbi_lab_heat_resilience_PRJNA274410_stressed
k1_Palumbi_lab_heat_resilience_PRJNA274410,SRR1812279,adult,Acropora hyacinthus,temp,heat,X147_40_400_h_20h,none,2701963,15437462,yes,stressed,k1_Palumbi_lab_heat_resilience_PRJNA274410_stressed
k1_Palumbi_lab_heat_resilience_PRJNA274410,SRR1812280,adult,Acropora hyacinthus,temp,control,X139_86_400_c_20h,none,2555935,12438871,yes,control,k1_Palumbi_lab_heat_resilience_PRJNA274410_control
k1_Palumbi_lab_heat_resilience_PRJNA274410,SRR1812281,adult,Acropora hyacinthus,temp,control,X129_6_400_c_20h,none,2196343,12553038,yes,control,k1_Palumbi_lab_heat_resilience_PRJNA274410_control
k1_Palumbi_lab_heat_resilience_PRJNA274410,SRR1812284,adult,Acropora hyacinthus,temp,control,X137_83_400_c_20h,none,2226316,11299940,yes,control,k1_Palumbi_lab_heat_resilience_PRJNA274410_control
k1_Palumbi_lab_heat_resilience_PRJNA274410,SRR1812285,adult,Acropora hyacinthus,temp,control,X87_85_400_c_20h,none,2650698,15469702,yes,control,k1_Palumbi_lab_heat_resilience_PRJNA274410_control
k1_Palumbi_lab_heat_resilience_PRJNA274410,SRR1812288,adult,Acropora hyacinthus,temp,control,X111_7_400_c_20h,none,2024506,10846985,yes,control,k1_Palumbi_lab_heat_resilience_PRJNA274410_control
k1_Palumbi_lab_heat_resilience_PRJNA274410,SRR1812289,adult,Acropora hyacinthus,temp,control,X113_88_400_c_20h,none,2294104,11279205,yes,control,k1_Palumbi_lab_heat_resilience_PRJNA274410_control
k1_Palumbi_lab_heat_resilience_PRJNA274410,SRR1812291,adult,Acropora hyacinthus,temp,heat,X141_6_400_h_20h,none,2276744,12882348,yes,stressed,k1_Palumbi_lab_heat_resilience_PRJNA274410_stressed
k1_Palumbi_lab_heat_resilience_PRJNA274410,SRR1812292,adult,Acropora hyacinthus,temp,heat,X89_27_400_h_20h,none,2568008,16705168,yes,stressed,k1_Palumbi_lab_heat_resilience_PRJNA274410_stressed
k1_Palumbi_lab_heat_resilience_PRJNA274410,SRR1812293,adult,Acropora hyacinthus,temp,heat,X93_87_400_h_20h,none,2238332,12286132,yes,stressed,k1_Palumbi_lab_heat_resilience_PRJNA274410_stressed
k1_Palumbi_lab_heat_resilience_PRJNA274410,SRR1812294,adult,Acropora hyacinthus,temp,heat,X149_83_400_h_20h,none,1779213,11405492,yes,stressed,k1_Palumbi_lab_heat_resilience_PRJNA274410_stressed
k1_Palumbi_lab_heat_resilience_PRJNA274410,SRR1812296,adult,Acropora hyacinthus,temp,heat,X121_75_400_h_20h,none,2598874,15059759,yes,stressed,k1_Palumbi_lab_heat_resilience_PRJNA274410_stressed
k1_Palumbi_lab_heat_resilience_PRJNA274410,SRR1812298,adult,Acropora hyacinthus,temp,heat,X125_7_400_h_20h,none,2277417,12705075,yes,stressed,k1_Palumbi_lab_heat_resilience_PRJNA274410_stressed
k1_Palumbi_lab_heat_resilience_PRJNA274410,SRR1812300,adult,Acropora hyacinthus,temp,control,X80_102_300_c_20h,none,1887900,13598774,yes,control,k1_Palumbi_lab_heat_resilience_PRJNA274410_control
k1_Palumbi_lab_heat_resilience_PRJNA274410,SRR1812301,adult,Acropora hyacinthus,temp,control,X132_70_300_c_20h,none,2117078,11176275,yes,control,k1_Palumbi_lab_heat_resilience_PRJNA274410_control
k1_Palumbi_lab_heat_resilience_PRJNA274410,SRR1812303,adult,Acropora hyacinthus,temp,control,X138_11_300_c_20h,none,1958582,11886237,yes,control,k1_Palumbi_lab_heat_resilience_PRJNA274410_control
k1_Palumbi_lab_heat_resilience_PRJNA274410,SRR1812304,adult,Acropora hyacinthus,temp,control,X102_89_300_c_20h,none,2519125,14459379,yes,control,k1_Palumbi_lab_heat_resilience_PRJNA274410_control
k1_Palumbi_lab_heat_resilience_PRJNA274410,SRR1812305,adult,Acropora hyacinthus,temp,control,X134_65_300_c_20h,none,2158328,13086161,yes,control,k1_Palumbi_lab_heat_resilience_PRJNA274410_control
k1_Palumbi_lab_heat_resilience_PRJNA274410,SRR1812306,adult,Acropora hyacinthus,temp,control,X104_61_300_c_20h,none,1976851,12006720,yes,control,k1_Palumbi_lab_heat_resilience_PRJNA274410_control
k1_Palumbi_lab_heat_resilience_PRJNA274410,SRR1812307,adult,Acropora hyacinthus,temp,control,X106_64_300_c_20h,none,2766770,15505953,yes,control,k1_Palumbi_lab_heat_resilience_PRJNA274410_control
k1_Palumbi_lab_heat_resilience_PRJNA274410,SRR1812308,adult,Acropora hyacinthus,temp,control,X136_40_300_c_20h,none,2210811,11317404,yes,control,k1_Palumbi_lab_heat_resilience_PRJNA274410_control
k1_Palumbi_lab_heat_resilience_PRJNA274410,SRR1812309,adult,Acropora hyacinthus,temp,heat,X92_102_300_h_20h,none,2829541,14333508,yes,stressed,k1_Palumbi_lab_heat_resilience_PRJNA274410_stressed
k1_Palumbi_lab_heat_resilience_PRJNA274410,SRR1812310,adult,Acropora hyacinthus,temp,heat,X144_70_300_h_20h,none,2098922,11262780,yes,stressed,k1_Palumbi_lab_heat_resilience_PRJNA274410_stressed
k1_Palumbi_lab_heat_resilience_PRJNA274410,SRR1812311,adult,Acropora hyacinthus,temp,heat,X96_28_300_h_20h,none,2784828,16110504,yes,stressed,k1_Palumbi_lab_heat_resilience_PRJNA274410_stressed
k1_Palumbi_lab_heat_resilience_PRJNA274410,SRR1812314,adult,Acropora hyacinthus,temp,heat,X146_65_300_h_20h,none,1915542,11549312,yes,stressed,k1_Palumbi_lab_heat_resilience_PRJNA274410_stressed
k1_Palumbi_lab_heat_resilience_PRJNA274410,SRR1812315,adult,Acropora hyacinthus,temp,heat,X118_61_300_h_20h,none,1702798,11034491,yes,stressed,k1_Palumbi_lab_heat_resilience_PRJNA274410_stressed
k1_Palumbi_lab_heat_resilience_PRJNA274410,SRR1812317,adult,Acropora hyacinthus,temp,heat,X148_40_300_h_20h,none,1910489,15251660,yes,stressed,k1_Palumbi_lab_heat_resilience_PRJNA274410_stressed
