my_title,Run,my_stage,Organism,projType,treat,treatDescription,special,geneCounted,rawCounts,stress
A_moya_acid_PRJNA149513,SRR401853,recruit,Acropora millepora,pH,control,Control 1,none,7343169,28328761,control
A_moya_acid_PRJNA149513,SRR401854,recruit,Acropora millepora,pH,control,Control 2,none,7917594,28571952,control
A_moya_acid_PRJNA149513,SRR401855,recruit,Acropora millepora,pH,control,Control 3,none,8522023,27641029,control
A_moya_acid_PRJNA149513,SRR401856,recruit,Acropora millepora,pH,low_pH,750 ppm 1,none,7677487,28807288,stressed
A_moya_acid_PRJNA149513,SRR401857,recruit,Acropora millepora,pH,low_pH,750 ppm 2,none,8442056,27735360,stressed
A_moya_acid_PRJNA149513,SRR401858,recruit,Acropora millepora,pH,low_pH,750 ppm 3,none,8132771,28899079,stressed
A_moya_acid_PRJNA149513,SRR401859,recruit,Acropora millepora,pH,low_pH,1000 ppm 1,none,7379928,29115000,stressed
A_moya_acid_PRJNA149513,SRR401860,recruit,Acropora millepora,pH,low_pH,1000 ppm 2,none,8273464,28412758,stressed
A_moya_acid_PRJNA149513,SRR401861,recruit,Acropora millepora,pH,low_pH,1000 ppm 3,none,8129844,30042580,stressed
B_whiteBand_PRJNA222758,SRR1015321,adult,Acropora cervicornis,immune,control,healthy,none,2216393,7602534,control
B_whiteBand_PRJNA222758,SRR1015323,adult,Acropora cervicornis,immune,control,healthy,none,2535791,7599200,control
B_whiteBand_PRJNA222758,SRR1015327,adult,Acropora cervicornis,immune,control,healthy,none,4605456,15276530,control
B_whiteBand_PRJNA222758,SRR1015340,adult,Acropora cervicornis,immune,challenge,white band,none,1520976,5090010,stressed
B_whiteBand_PRJNA222758,SRR1015349,adult,Acropora cervicornis,immune,challenge,white band,none,1522218,3928621,stressed
B_whiteBand_PRJNA222758,SRR1015354,adult,Acropora cervicornis,immune,challenge,white band,none,2111081,6563066,stressed
B_whiteBand_PRJNA222758,SRR1015298,adult,Acropora cervicornis,immune,control,healthy,none,1885740,4919853,control
B_whiteBand_PRJNA222758,SRR1015358,adult,Acropora cervicornis,immune,control,healthy,none,4264418,15412184,control
B_whiteBand_PRJNA222758,SRR1015325,adult,Acropora cervicornis,immune,control,healthy,none,4040692,14658595,control
B_whiteBand_PRJNA222758,SRR1015331,adult,Acropora cervicornis,immune,challenge,white band,none,3720503,9959364,stressed
B_whiteBand_PRJNA222758,SRR1015344,adult,Acropora cervicornis,immune,challenge,white band,none,812616,7753708,stressed
E_aspera_PRJNA266455,SRR1653615,adult,Acropora aspera,temp,control,ambient 24 hrs,none,2097660,4446938,control
E_aspera_PRJNA266455,SRR1654665,adult,Acropora aspera,temp,control,ambient 24 hrs,none,6787560,19865403,control
E_aspera_PRJNA266455,SRR1653613,adult,Acropora aspera,temp,control,ambient 72 hrs,none,1247805,2645729,control
E_aspera_PRJNA266455,SRR1654664,adult,Acropora aspera,temp,control,ambient 72 hrs,none,4195585,11599658,control
E_aspera_PRJNA266455,SRR1653611,adult,Acropora aspera,temp,heat,6DegreeOverAmbient 24 hrs,none,3174715,27588956,stressed
E_aspera_PRJNA266455,SRR1653608,adult,Acropora aspera,temp,heat,6DegreeOverAmbient 72 hrs,none,3330560,24416729,stressed
F_Uqueensland_ph_PRJNA269992,SRR1703716,adult,Acropora millepora,pH,control,preindusctrial,none,11624569,39559337,control
F_Uqueensland_ph_PRJNA269992,SRR1703717,adult,Acropora millepora,pH,control,present day,none,9144131,33736675,control
F_Uqueensland_ph_PRJNA269992,SRR1706955,adult,Acropora millepora,pH,low_pH,RCP4.5,none,15865254,61610173,stressed
F_Uqueensland_ph_PRJNA269992,SRR1703718,adult,Acropora millepora,pH,low_pH,RCP8.5,none,10192384,34500222,stressed
H_matz_heatTolLat_PRJNA279192,SRR1929604,adult,Acropora millepora,temp,heat,3 days at 31.5C,larvae_not_treated,487614,2436256,stressed
H_matz_heatTolLat_PRJNA279192,SRR1929603,adult,Acropora millepora,temp,heat,3 days at 31.5C,larvae_not_treated,501019,2994295,stressed
H_matz_heatTolLat_PRJNA279192,SRR1929601,adult,Acropora millepora,temp,control,3 days at 28C,larvae_not_treated,265368,1344078,control
H_matz_heatTolLat_PRJNA279192,SRR1929602,adult,Acropora millepora,temp,heat,3 days at 31.5C,larvae_not_treated,577989,3214906,stressed
H_matz_heatTolLat_PRJNA279192,SRR1929600,adult,Acropora millepora,temp,control,3 days at 28C,larvae_not_treated,279449,1291306,control
H_matz_heatTolLat_PRJNA279192,SRR1929599,adult,Acropora millepora,temp,control,3 days at 28C,larvae_not_treated,238609,1152664,control
H_matz_heatTolLat_PRJNA279192,SRR1929598,adult,Acropora millepora,temp,heat,3 days at 31.5C,larvae_not_treated,702216,3986837,stressed
H_matz_heatTolLat_PRJNA279192,SRR1929597,adult,Acropora millepora,temp,heat,3 days at 31.5C,larvae_not_treated,540032,3250603,stressed
H_matz_heatTolLat_PRJNA279192,SRR1929596,adult,Acropora millepora,temp,heat,3 days at 31.5C,larvae_not_treated,442328,2345666,stressed
H_matz_heatTolLat_PRJNA279192,SRR1929595,adult,Acropora millepora,temp,control,3 days at 28C,larvae_not_treated,155113,709210,control
H_matz_heatTolLat_PRJNA279192,SRR1929594,adult,Acropora millepora,temp,control,3 days at 28C,larvae_not_treated,182147,846136,control
H_matz_heatTolLat_PRJNA279192,SRR1929593,adult,Acropora millepora,temp,control,3 days at 28C,larvae_not_treated,188147,1002815,control
H_matz_heatTolLat_PRJNA279192,SRR1929592,adult,Acropora millepora,temp,heat,3 days at 31.5C,larvae_not_treated,498012,2629535,stressed
H_matz_heatTolLat_PRJNA279192,SRR1929591,adult,Acropora millepora,temp,heat,3 days at 31.5C,larvae_not_treated,384677,1889177,stressed
H_matz_heatTolLat_PRJNA279192,SRR1929590,adult,Acropora millepora,temp,heat,3 days at 31.5C,larvae_not_treated,365590,1943516,stressed
H_matz_heatTolLat_PRJNA279192,SRR1929589,adult,Acropora millepora,temp,control,3 days at 28C,larvae_not_treated,198728,769398,control
H_matz_heatTolLat_PRJNA279192,SRR1929588,adult,Acropora millepora,temp,control,3 days at 28C,larvae_not_treated,228299,1004381,control
H_matz_heatTolLat_PRJNA279192,SRR1929587,adult,Acropora millepora,temp,control,3 days at 28C,larvae_not_treated,221389,928225,control
H_matz_heatTolLat_PRJNA279192,SRR1929586,adult,Acropora millepora,temp,heat,3 days at 31.5C,larvae_not_treated,305780,1322024,stressed
H_matz_heatTolLat_PRJNA279192,SRR1929585,adult,Acropora millepora,temp,heat,3 days at 31.5C,larvae_not_treated,298910,1289228,stressed
H_matz_heatTolLat_PRJNA279192,SRR1929584,adult,Acropora millepora,temp,heat,3 days at 31.5C,larvae_not_treated,530576,2563260,stressed
H_matz_heatTolLat_PRJNA279192,SRR1929583,adult,Acropora millepora,temp,control,3 days at 28C,larvae_not_treated,268440,1159557,control
H_matz_heatTolLat_PRJNA279192,SRR1929582,adult,Acropora millepora,temp,control,3 days at 28C,larvae_not_treated,398244,1864423,control
H_matz_heatTolLat_PRJNA279192,SRR1929581,adult,Acropora millepora,temp,control,3 days at 28C,larvae_not_treated,415855,2038561,control
J_weiss_immune_PRJNA200542,SRR835875,adult,Acropora millepora,immune,control,control,none,851377,1750378,control
J_weiss_immune_PRJNA200542,SRR835876,adult,Acropora millepora,immune,control,control,none,967889,2028175,control
J_weiss_immune_PRJNA200542,SRR835877,adult,Acropora millepora,immune,control,control,none,591027,1612566,control
J_weiss_immune_PRJNA200542,SRR835878,adult,Acropora millepora,immune,control,control,none,964566,2864198,control
J_weiss_immune_PRJNA200542,SRR835879,adult,Acropora millepora,immune,control,control,none,781107,1853459,control
J_weiss_immune_PRJNA200542,SRR835880,adult,Acropora millepora,immune,control,control,none,1096324,2651674,control
J_weiss_immune_PRJNA200542,SRR835881,adult,Acropora millepora,immune,control,control,none,501387,1256340,control
J_weiss_immune_PRJNA200542,SRR835882,adult,Acropora millepora,immune,control,control,none,1571160,4636729,control
J_weiss_immune_PRJNA200542,SRR835883,adult,Acropora millepora,immune,challenge,bacterial mimic,none,162728,727926,stressed
J_weiss_immune_PRJNA200542,SRR835884,adult,Acropora millepora,immune,challenge,bacterial mimic,none,804190,3782808,stressed
J_weiss_immune_PRJNA200542,SRR835885,adult,Acropora millepora,immune,challenge,bacterial mimic,none,299434,1176317,stressed
J_weiss_immune_PRJNA200542,SRR835886,adult,Acropora millepora,immune,challenge,bacterial mimic,none,1180369,5175461,stressed
J_weiss_immune_PRJNA200542,SRR835887,adult,Acropora millepora,immune,challenge,bacterial mimic,none,227002,678659,stressed
J_weiss_immune_PRJNA200542,SRR835888,adult,Acropora millepora,immune,challenge,bacterial mimic,none,1367301,4363556,stressed
J_weiss_immune_PRJNA200542,SRR835891,adult,Acropora millepora,immune,challenge,viral mimic,none,1695255,4244992,stressed
J_weiss_immune_PRJNA200542,SRR835889,adult,Acropora millepora,immune,challenge,bacterial mimic,none,1210909,3203927,stressed
J_weiss_immune_PRJNA200542,SRR835890,adult,Acropora millepora,immune,challenge,bacterial mimic,none,1748851,4277782,stressed
J_weiss_immune_PRJNA200542,SRR835892,adult,Acropora millepora,immune,challenge,viral mimic,none,493118,1100700,stressed
J_weiss_immune_PRJNA200542,SRR835893,adult,Acropora millepora,immune,challenge,viral mimic,none,1989490,5318211,stressed
J_weiss_immune_PRJNA200542,SRR835895,adult,Acropora millepora,immune,challenge,viral mimic,none,1110812,2700305,stressed
J_weiss_immune_PRJNA200542,SRR835896,adult,Acropora millepora,immune,challenge,viral mimic,none,685033,1580216,stressed
J_weiss_immune_PRJNA200542,SRR835894,adult,Acropora millepora,immune,challenge,viral mimic,none,1660610,4051739,stressed
L_Barshis_bleachResillience_PRJNA177515,SRR629090,adult,Acropora hyacinthus,temp,heat,01_h_HV,none,763126,19577661,stressed
L_Barshis_bleachResillience_PRJNA177515,SRR629091,adult,Acropora hyacinthus,temp,control,02_c_HV,none,1637079,18872907,control
L_Barshis_bleachResillience_PRJNA177515,SRR629092,adult,Acropora hyacinthus,temp,heat,02_h_HV,none,1074790,9457678,stressed
L_Barshis_bleachResillience_PRJNA177515,SRR629093,adult,Acropora hyacinthus,temp,control,03_c_HV,none,734261,13328694,control
L_Barshis_bleachResillience_PRJNA177515,SRR629094,adult,Acropora hyacinthus,temp,control,06_c_HV,none,993593,9146242,control
L_Barshis_bleachResillience_PRJNA177515,SRR629096,adult,Acropora hyacinthus,temp,control,09_c_HV,none,1145901,10464369,control
L_Barshis_bleachResillience_PRJNA177515,SRR629126,adult,Acropora hyacinthus,temp,heat,09_h_HV,none,622661,26399718,stressed
L_Barshis_bleachResillience_PRJNA177515,SRR629130,adult,Acropora hyacinthus,temp,heat,31_h_MV,none,757801,13561442,stressed
L_Barshis_bleachResillience_PRJNA177515,SRR629131,adult,Acropora hyacinthus,temp,control,40_c_MV,none,1299265,9235183,control
L_Barshis_bleachResillience_PRJNA177515,SRR629132,adult,Acropora hyacinthus,temp,heat,40_h_MV,none,963561,10573276,stressed
L_Barshis_bleachResillience_PRJNA177515,SRR629135,adult,Acropora hyacinthus,temp,control,45_c_MV,none,299455,5551198,control
L_Barshis_bleachResillience_PRJNA177515,SRR629150,adult,Acropora hyacinthus,temp,control,55_c_MV,none,1539927,17722284,control
L_Barshis_bleachResillience_PRJNA177515,SRR629151,adult,Acropora hyacinthus,temp,heat,55_h_MV,none,858555,17905764,stressed
L_Barshis_bleachResillience_PRJNA177515,SRR629155,adult,Acropora hyacinthus,temp,heat,65_h_MV,none,904566,18368411,stressed
L_Barshis_bleachResillience_PRJNA177515,SRR629089,adult,Acropora hyacinthus,temp,control,01_c_HV,none,303262,18753443,control
L_Barshis_bleachResillience_PRJNA177515,SRR629095,adult,Acropora hyacinthus,temp,heat,06_h_HV,none,735115,8011684,stressed
L_Barshis_bleachResillience_PRJNA177515,SRR629127,adult,Acropora hyacinthus,temp,control,75_c_HV,none,579219,6256079,control
L_Barshis_bleachResillience_PRJNA177515,SRR629128,adult,Acropora hyacinthus,temp,heat,75_h_HV,none,218116,2440360,stressed
L_Barshis_bleachResillience_PRJNA177515,SRR629129,adult,Acropora hyacinthus,temp,control,31_c_MV,none,1973269,15613291,control
L_Barshis_bleachResillience_PRJNA177515,SRR629133,adult,Acropora hyacinthus,temp,control,44_c_MV,none,1189820,16743882,control
L_Barshis_bleachResillience_PRJNA177515,SRR629134,adult,Acropora hyacinthus,temp,heat,44_h_MV,none,922340,16198613,stressed
L_Barshis_bleachResillience_PRJNA177515,SRR629136,adult,Acropora hyacinthus,temp,heat,45_h_MV,none,107096,2083128,stressed
L_Barshis_bleachResillience_PRJNA177515,SRR629152,adult,Acropora hyacinthus,temp,control,61_c_MV,none,1125991,8838378,control
L_Barshis_bleachResillience_PRJNA177515,SRR629153,adult,Acropora hyacinthus,temp,heat,61_h_MV,none,2534487,15748515,stressed
L_Barshis_bleachResillience_PRJNA177515,SRR629154,adult,Acropora hyacinthus,temp,control,65_c_MV,none,1231305,9584976,control
L_Barshis_bleachResillience_PRJNA177515,SRR629156,adult,Acropora hyacinthus,temp,control,68_c_MV,none,126549,18566614,control
L_Barshis_bleachResillience_PRJNA177515,SRR629157,adult,Acropora hyacinthus,temp,heat,68_h_MV,none,903510,6584461,stressed
L_Barshis_bleachResillience_PRJNA177515,SRR629158,adult,Acropora hyacinthus,temp,control,70_c_MV,none,1006237,16299011,control
L_Barshis_bleachResillience_PRJNA177515,SRR629159,adult,Acropora hyacinthus,temp,heat,70_h_MV,none,536474,8193882,stressed
L_Barshis_bleachResillience_PRJNA177515,SRR629160,adult,Acropora hyacinthus,temp,control,71_c_MV,none,877861,19108917,control
L_Barshis_bleachResillience_PRJNA177515,SRR629161,adult,Acropora hyacinthus,temp,heat,71_h_MV,none,910248,18492498,stressed
M_moya_juvenilePh_PRJNA260269,SRR1566164,recruit,Acropora millepora,pH,control,380 ppm CO2,none,5249447,12269208,control
M_moya_juvenilePh_PRJNA260269,SRR1566165,recruit,Acropora millepora,pH,control,380 ppm CO2,none,5595785,12534784,control
M_moya_juvenilePh_PRJNA260269,SRR1566166,recruit,Acropora millepora,pH,control,380 ppm CO2,none,5537109,12898069,control
M_moya_juvenilePh_PRJNA260269,SRR1566168,recruit,Acropora millepora,pH,low_pH,750 ppm CO2,none,5628308,12631481,stressed
M_moya_juvenilePh_PRJNA260269,SRR1566167,recruit,Acropora millepora,pH,low_pH,750 ppm CO2,none,5431536,12501088,stressed
M_moya_juvenilePh_PRJNA260269,SRR1566169,recruit,Acropora millepora,pH,low_pH,750 ppm CO2,none,4817192,12467897,stressed
N_Hainan_U_heat_PRJNA308355,SRR3095777,adult,Acropora aculeus,temp,control,Aa_Control,none,11041872,30435303,control
N_Hainan_U_heat_PRJNA308355,SRR3095778,adult,Acropora aculeus,temp,control,Aa_Control,none,11301549,29084044,control
N_Hainan_U_heat_PRJNA308355,SRR3095779,adult,Acropora aculeus,temp,heat,Aa_Heat,none,11508072,30648486,stressed
N_Hainan_U_heat_PRJNA308355,SRR3095780,adult,Acropora aculeus,temp,heat,Aa_Heat,none,10359256,30151918,stressed
S_rachel_immune_PRJNA319662,SRR3622488,adult,Acropora millepora,immune,control,AC221,laneDups removed with sum_lane_dups.R,64836,247228,control
S_rachel_immune_PRJNA319662,SRR3622490,adult,Acropora millepora,immune,control,AC261,laneDups removed with sum_lane_dups.R,104724,385341,control
S_rachel_immune_PRJNA319662,SRR3622491,adult,Acropora millepora,immune,challenge,AD91,laneDups removed with sum_lane_dups.R,20120,522502,stressed
S_rachel_immune_PRJNA319662,SRR3622493,adult,Acropora millepora,immune,challenge,AD92,laneDups removed with sum_lane_dups.R,115557,530609,stressed
S_rachel_immune_PRJNA319662,SRR3622496,adult,Acropora millepora,immune,challenge,AD93,laneDups removed with sum_lane_dups.R,17782,1347483,stressed
S_rachel_immune_PRJNA319662,SRR3622499,adult,Acropora millepora,immune,challenge,AO221,laneDups removed with sum_lane_dups.R,75681,262250,stressed
S_rachel_immune_PRJNA319662,SRR3622503,adult,Acropora millepora,immune,challenge,AO222,laneDups removed with sum_lane_dups.R,75440,262612,stressed
S_rachel_immune_PRJNA319662,SRR3622506,adult,Acropora millepora,immune,challenge,AO223,laneDups removed with sum_lane_dups.R,104131,367955,stressed
S_rachel_immune_PRJNA319662,SRR3622509,adult,Acropora millepora,immune,challenge,AO262,laneDups removed with sum_lane_dups.R,121623,510419,stressed
S_rachel_immune_PRJNA319662,SRR3622512,adult,Acropora millepora,immune,control,AC262,laneDups removed with sum_lane_dups.R,171086,699399,control
S_rachel_immune_PRJNA319662,SRR3622513,adult,Acropora millepora,immune,challenge,AO263,laneDups removed with sum_lane_dups.R,117430,473595,stressed
S_rachel_immune_PRJNA319662,SRR3622516,adult,Acropora millepora,immune,challenge,AO273,laneDups removed with sum_lane_dups.R,162282,770792,stressed
S_rachel_immune_PRJNA319662,SRR3622519,adult,Acropora millepora,immune,challenge,AO301,laneDups removed with sum_lane_dups.R,187856,820147,stressed
S_rachel_immune_PRJNA319662,SRR3622522,adult,Acropora millepora,immune,challenge,AO302,laneDups removed with sum_lane_dups.R,141283,719120,stressed
S_rachel_immune_PRJNA319662,SRR3622526,adult,Acropora millepora,immune,challenge,AO303,laneDups removed with sum_lane_dups.R,68641,228095,stressed
S_rachel_immune_PRJNA319662,SRR3622529,adult,Acropora millepora,immune,challenge,AO41,laneDups removed with sum_lane_dups.R,133668,506120,stressed
S_rachel_immune_PRJNA319662,SRR3622532,adult,Acropora millepora,immune,challenge,AO42,laneDups removed with sum_lane_dups.R,70500,301869,stressed
S_rachel_immune_PRJNA319662,SRR3622536,adult,Acropora millepora,immune,challenge,AO43,laneDups removed with sum_lane_dups.R,163669,657922,stressed
S_rachel_immune_PRJNA319662,SRR3622539,adult,Acropora millepora,immune,challenge,AO52,laneDups removed with sum_lane_dups.R,152668,600871,stressed
S_rachel_immune_PRJNA319662,SRR3622542,adult,Acropora millepora,immune,challenge,AO53,laneDups removed with sum_lane_dups.R,51326,212925,stressed
S_rachel_immune_PRJNA319662,SRR3622546,adult,Acropora millepora,immune,challenge,AO71,laneDups removed with sum_lane_dups.R,117121,448075,stressed
S_rachel_immune_PRJNA319662,SRR3622545,adult,Acropora millepora,immune,control,AC272,laneDups removed with sum_lane_dups.R,99740,390063,control
S_rachel_immune_PRJNA319662,SRR3622549,adult,Acropora millepora,immune,challenge,AO72,laneDups removed with sum_lane_dups.R,132461,610706,stressed
S_rachel_immune_PRJNA319662,SRR3622553,adult,Acropora millepora,immune,challenge,AO73,laneDups removed with sum_lane_dups.R,64937,230686,stressed
S_rachel_immune_PRJNA319662,SRR3622555,adult,Acropora millepora,immune,challenge,AO91,laneDups removed with sum_lane_dups.R,16029,168383,stressed
S_rachel_immune_PRJNA319662,SRR3622559,adult,Acropora millepora,immune,challenge,AO93,laneDups removed with sum_lane_dups.R,10964,442299,stressed
S_rachel_immune_PRJNA319662,SRR3622578,adult,Acropora millepora,immune,control,AC273,laneDups removed with sum_lane_dups.R,175927,768531,control
S_rachel_immune_PRJNA319662,SRR3622588,adult,Acropora millepora,immune,control,NC221,laneDups removed with sum_lane_dups.R,94691,344541,control
S_rachel_immune_PRJNA319662,SRR3622592,adult,Acropora millepora,immune,control,NC222,laneDups removed with sum_lane_dups.R,103845,417044,control
S_rachel_immune_PRJNA319662,SRR3622595,adult,Acropora millepora,immune,control,NC223,laneDups removed with sum_lane_dups.R,124901,478894,control
S_rachel_immune_PRJNA319662,SRR3622598,adult,Acropora millepora,immune,control,NC261,laneDups removed with sum_lane_dups.R,172692,782597,control
S_rachel_immune_PRJNA319662,SRR3622603,adult,Acropora millepora,immune,control,NC262,laneDups removed with sum_lane_dups.R,185478,804944,control
S_rachel_immune_PRJNA319662,SRR3622606,adult,Acropora millepora,immune,control,NC263,laneDups removed with sum_lane_dups.R,185461,876498,control
S_rachel_immune_PRJNA319662,SRR3622609,adult,Acropora millepora,immune,control,NC271,laneDups removed with sum_lane_dups.R,141042,535132,control
S_rachel_immune_PRJNA319662,SRR3622612,adult,Acropora millepora,immune,control,AC301,laneDups removed with sum_lane_dups.R,192081,807518,control
S_rachel_immune_PRJNA319662,SRR3622613,adult,Acropora millepora,immune,control,NC272,laneDups removed with sum_lane_dups.R,126257,473868,control
S_rachel_immune_PRJNA319662,SRR3622616,adult,Acropora millepora,immune,control,NC273,laneDups removed with sum_lane_dups.R,142857,514598,control
S_rachel_immune_PRJNA319662,SRR3622619,adult,Acropora millepora,immune,control,NC301,laneDups removed with sum_lane_dups.R,212596,1075468,control
S_rachel_immune_PRJNA319662,SRR3622622,adult,Acropora millepora,immune,control,NC302,laneDups removed with sum_lane_dups.R,144698,623262,control
S_rachel_immune_PRJNA319662,SRR3622626,adult,Acropora millepora,immune,control,NC303,laneDups removed with sum_lane_dups.R,248724,1231831,control
S_rachel_immune_PRJNA319662,SRR3622629,adult,Acropora millepora,immune,control,NC41,laneDups removed with sum_lane_dups.R,192887,832307,control
S_rachel_immune_PRJNA319662,SRR3622632,adult,Acropora millepora,immune,control,NC42,laneDups removed with sum_lane_dups.R,243523,1027344,control
S_rachel_immune_PRJNA319662,SRR3622636,adult,Acropora millepora,immune,control,NC43,laneDups removed with sum_lane_dups.R,131647,491336,control
S_rachel_immune_PRJNA319662,SRR3622639,adult,Acropora millepora,immune,control,NC51,laneDups removed with sum_lane_dups.R,200165,913039,control
S_rachel_immune_PRJNA319662,SRR3622642,adult,Acropora millepora,immune,control,NC52,laneDups removed with sum_lane_dups.R,173850,750856,control
S_rachel_immune_PRJNA319662,SRR3622645,adult,Acropora millepora,immune,control,AC302,laneDups removed with sum_lane_dups.R,119022,504899,control
S_rachel_immune_PRJNA319662,SRR3622646,adult,Acropora millepora,immune,control,NC53,laneDups removed with sum_lane_dups.R,175361,808700,control
S_rachel_immune_PRJNA319662,SRR3622649,adult,Acropora millepora,immune,control,NC71,laneDups removed with sum_lane_dups.R,105545,422842,control
S_rachel_immune_PRJNA319662,SRR3622652,adult,Acropora millepora,immune,control,NC72,laneDups removed with sum_lane_dups.R,277557,1387808,control
S_rachel_immune_PRJNA319662,SRR3622655,adult,Acropora millepora,immune,control,NC73,laneDups removed with sum_lane_dups.R,265687,1209847,control
S_rachel_immune_PRJNA319662,SRR3622659,adult,Acropora millepora,immune,control,NC91,laneDups removed with sum_lane_dups.R,197678,870980,control
S_rachel_immune_PRJNA319662,SRR3622662,adult,Acropora millepora,immune,control,NC92,laneDups removed with sum_lane_dups.R,124767,467984,control
S_rachel_immune_PRJNA319662,SRR3622666,adult,Acropora millepora,immune,control,NC93,laneDups removed with sum_lane_dups.R,177626,740275,control
S_rachel_immune_PRJNA319662,SRR3622669,adult,Acropora millepora,immune,challenge,ND261,laneDups removed with sum_lane_dups.R,131129,528676,stressed
S_rachel_immune_PRJNA319662,SRR3622672,adult,Acropora millepora,immune,challenge,ND262,laneDups removed with sum_lane_dups.R,14726,1002646,stressed
S_rachel_immune_PRJNA319662,SRR3622676,adult,Acropora millepora,immune,challenge,ND271,laneDups removed with sum_lane_dups.R,117384,731778,stressed
S_rachel_immune_PRJNA319662,SRR3622678,adult,Acropora millepora,immune,control,AC303,laneDups removed with sum_lane_dups.R,118796,469706,control
S_rachel_immune_PRJNA319662,SRR3622680,adult,Acropora millepora,immune,challenge,ND273,laneDups removed with sum_lane_dups.R,113371,427968,stressed
S_rachel_immune_PRJNA319662,SRR3622682,adult,Acropora millepora,immune,challenge,ND301,laneDups removed with sum_lane_dups.R,155703,662554,stressed
S_rachel_immune_PRJNA319662,SRR3622685,adult,Acropora millepora,immune,challenge,ND302,laneDups removed with sum_lane_dups.R,175857,728902,stressed
S_rachel_immune_PRJNA319662,SRR3622688,adult,Acropora millepora,immune,challenge,ND303,laneDups removed with sum_lane_dups.R,197236,773298,stressed
S_rachel_immune_PRJNA319662,SRR3622692,adult,Acropora millepora,immune,challenge,ND41,laneDups removed with sum_lane_dups.R,189340,848619,stressed
S_rachel_immune_PRJNA319662,SRR3622695,adult,Acropora millepora,immune,challenge,ND42,laneDups removed with sum_lane_dups.R,9688,250611,stressed
S_rachel_immune_PRJNA319662,SRR3622698,adult,Acropora millepora,immune,challenge,ND51,laneDups removed with sum_lane_dups.R,30625,232926,stressed
S_rachel_immune_PRJNA319662,SRR3622702,adult,Acropora millepora,immune,challenge,ND52,laneDups removed with sum_lane_dups.R,111138,430878,stressed
S_rachel_immune_PRJNA319662,SRR3622705,adult,Acropora millepora,immune,challenge,ND53,laneDups removed with sum_lane_dups.R,119026,521044,stressed
S_rachel_immune_PRJNA319662,SRR3622708,adult,Acropora millepora,immune,challenge,ND71,laneDups removed with sum_lane_dups.R,110936,423884,stressed
S_rachel_immune_PRJNA319662,SRR3622711,adult,Acropora millepora,immune,control,AC222,laneDups removed with sum_lane_dups.R,139113,516953,control
S_rachel_immune_PRJNA319662,SRR3622712,adult,Acropora millepora,immune,control,AC41,laneDups removed with sum_lane_dups.R,163270,673403,control
S_rachel_immune_PRJNA319662,SRR3622713,adult,Acropora millepora,immune,challenge,ND73,laneDups removed with sum_lane_dups.R,180752,841540,stressed
S_rachel_immune_PRJNA319662,SRR3622717,adult,Acropora millepora,immune,challenge,ND91,laneDups removed with sum_lane_dups.R,124369,619668,stressed
S_rachel_immune_PRJNA319662,SRR3622719,adult,Acropora millepora,immune,challenge,ND93,laneDups removed with sum_lane_dups.R,18071,280972,stressed
S_rachel_immune_PRJNA319662,SRR3622722,adult,Acropora millepora,immune,challenge,NO221,laneDups removed with sum_lane_dups.R,156230,596453,stressed
S_rachel_immune_PRJNA319662,SRR3622726,adult,Acropora millepora,immune,challenge,NO222,laneDups removed with sum_lane_dups.R,97056,352126,stressed
S_rachel_immune_PRJNA319662,SRR3622729,adult,Acropora millepora,immune,challenge,NO261,laneDups removed with sum_lane_dups.R,279996,1224531,stressed
S_rachel_immune_PRJNA319662,SRR3622732,adult,Acropora millepora,immune,challenge,NO262,laneDups removed with sum_lane_dups.R,153182,559289,stressed
S_rachel_immune_PRJNA319662,SRR3622736,adult,Acropora millepora,immune,challenge,NO263,laneDups removed with sum_lane_dups.R,47918,164109,stressed
S_rachel_immune_PRJNA319662,SRR3622739,adult,Acropora millepora,immune,challenge,NO271,laneDups removed with sum_lane_dups.R,134090,586347,stressed
S_rachel_immune_PRJNA319662,SRR3622742,adult,Acropora millepora,immune,challenge,NO273,laneDups removed with sum_lane_dups.R,327875,1474061,stressed
S_rachel_immune_PRJNA319662,SRR3622745,adult,Acropora millepora,immune,control,AC42,laneDups removed with sum_lane_dups.R,251440,1161396,control
S_rachel_immune_PRJNA319662,SRR3622746,adult,Acropora millepora,immune,challenge,NO301,laneDups removed with sum_lane_dups.R,240890,1015003,stressed
S_rachel_immune_PRJNA319662,SRR3622749,adult,Acropora millepora,immune,challenge,NO302,laneDups removed with sum_lane_dups.R,122834,531856,stressed
S_rachel_immune_PRJNA319662,SRR3622752,adult,Acropora millepora,immune,challenge,NO303,laneDups removed with sum_lane_dups.R,132383,530226,stressed
S_rachel_immune_PRJNA319662,SRR3622755,adult,Acropora millepora,immune,challenge,NO41,laneDups removed with sum_lane_dups.R,176108,745414,stressed
S_rachel_immune_PRJNA319662,SRR3622771,adult,Acropora millepora,immune,challenge,NO42,laneDups removed with sum_lane_dups.R,270095,1383393,stressed
S_rachel_immune_PRJNA319662,SRR3622774,adult,Acropora millepora,immune,challenge,NO43,laneDups removed with sum_lane_dups.R,124704,490844,stressed
S_rachel_immune_PRJNA319662,SRR3622777,adult,Acropora millepora,immune,challenge,NO52,laneDups removed with sum_lane_dups.R,266078,1226868,stressed
S_rachel_immune_PRJNA319662,SRR3622781,adult,Acropora millepora,immune,challenge,NO53,laneDups removed with sum_lane_dups.R,199145,1105572,stressed
S_rachel_immune_PRJNA319662,SRR3622784,adult,Acropora millepora,immune,challenge,NO71,laneDups removed with sum_lane_dups.R,257265,1241282,stressed
S_rachel_immune_PRJNA319662,SRR3622787,adult,Acropora millepora,immune,challenge,NO72,laneDups removed with sum_lane_dups.R,18051,1037666,stressed
S_rachel_immune_PRJNA319662,SRR3622790,adult,Acropora millepora,immune,control,AC51,laneDups removed with sum_lane_dups.R,180035,765319,control
S_rachel_immune_PRJNA319662,SRR3622791,adult,Acropora millepora,immune,challenge,NO73,laneDups removed with sum_lane_dups.R,142939,509692,stressed
S_rachel_immune_PRJNA319662,SRR3622794,adult,Acropora millepora,immune,challenge,NO91,laneDups removed with sum_lane_dups.R,146089,633740,stressed
S_rachel_immune_PRJNA319662,SRR3622797,adult,Acropora millepora,immune,challenge,NO92,laneDups removed with sum_lane_dups.R,232215,1157137,stressed
S_rachel_immune_PRJNA319662,SRR3622800,adult,Acropora millepora,immune,challenge,NO93,laneDups removed with sum_lane_dups.R,24203,223300,stressed
S_rachel_immune_PRJNA319662,SRR3622841,adult,Acropora millepora,immune,control,AC53,laneDups removed with sum_lane_dups.R,232810,1060783,control
S_rachel_immune_PRJNA319662,SRR3622851,adult,Acropora millepora,immune,control,AC71,laneDups removed with sum_lane_dups.R,249168,1130828,control
S_rachel_immune_PRJNA319662,SRR3622854,adult,Acropora millepora,immune,control,AC72,laneDups removed with sum_lane_dups.R,324244,1517731,control
S_rachel_immune_PRJNA319662,SRR3622857,adult,Acropora millepora,immune,control,AC73,laneDups removed with sum_lane_dups.R,94016,358719,control
S_rachel_immune_PRJNA319662,SRR3622861,adult,Acropora millepora,immune,control,AC91,laneDups removed with sum_lane_dups.R,67483,252943,control
S_rachel_immune_PRJNA319662,SRR3622864,adult,Acropora millepora,immune,control,AC92,laneDups removed with sum_lane_dups.R,10436,706008,control
S_rachel_immune_PRJNA319662,SRR3622867,adult,Acropora millepora,immune,control,AC93,laneDups removed with sum_lane_dups.R,15405,1184492,control
S_rachel_immune_PRJNA319662,SRR3622870,adult,Acropora millepora,immune,control,AC223,laneDups removed with sum_lane_dups.R,141394,528157,control
S_rachel_immune_PRJNA319662,SRR3622872,adult,Acropora millepora,immune,challenge,AD221,laneDups removed with sum_lane_dups.R,110100,480387,stressed
S_rachel_immune_PRJNA319662,SRR3622874,adult,Acropora millepora,immune,challenge,AD222,laneDups removed with sum_lane_dups.R,98225,435951,stressed
S_rachel_immune_PRJNA319662,SRR3622877,adult,Acropora millepora,immune,challenge,AD223,laneDups removed with sum_lane_dups.R,95717,381213,stressed
S_rachel_immune_PRJNA319662,SRR3622880,adult,Acropora millepora,immune,challenge,AD261,laneDups removed with sum_lane_dups.R,143625,579946,stressed
S_rachel_immune_PRJNA319662,SRR3622884,adult,Acropora millepora,immune,challenge,AD262,laneDups removed with sum_lane_dups.R,67399,460544,stressed
S_rachel_immune_PRJNA319662,SRR3622887,adult,Acropora millepora,immune,challenge,AD271,laneDups removed with sum_lane_dups.R,141460,672800,stressed
S_rachel_immune_PRJNA319662,SRR3622890,adult,Acropora millepora,immune,challenge,AD301,laneDups removed with sum_lane_dups.R,36477,130956,stressed
S_rachel_immune_PRJNA319662,SRR3622894,adult,Acropora millepora,immune,challenge,AD302,laneDups removed with sum_lane_dups.R,115913,496714,stressed
S_rachel_immune_PRJNA319662,SRR3622897,adult,Acropora millepora,immune,challenge,AD303,laneDups removed with sum_lane_dups.R,84860,369494,stressed
S_rachel_immune_PRJNA319662,SRR3622900,adult,Acropora millepora,immune,challenge,AD51,laneDups removed with sum_lane_dups.R,124136,487393,stressed
S_rachel_immune_PRJNA319662,SRR3622904,adult,Acropora millepora,immune,challenge,AD71,laneDups removed with sum_lane_dups.R,55227,194294,stressed
S_rachel_immune_PRJNA319662,SRR3622907,adult,Acropora millepora,immune,challenge,AD72,laneDups removed with sum_lane_dups.R,77919,328784,stressed
S_rachel_immune_PRJNA319662,SRR3622910,adult,Acropora millepora,immune,challenge,AD73,laneDups removed with sum_lane_dups.R,15104,702180,stressed
W_gajigan_thermalMicroRNA_PRJNA298496,SRR5236068,adult,Acropora digitifera,temp,heat,34C,none,13562607,26479506,stressed
W_gajigan_thermalMicroRNA_PRJNA298496,SRR5236067,adult,Acropora digitifera,temp,heat,34C,none,10431818,20088208,stressed
W_gajigan_thermalMicroRNA_PRJNA298496,SRR5236069,adult,Acropora digitifera,temp,control,29C,none,11595867,22547214,control
W_gajigan_thermalMicroRNA_PRJNA298496,SRR5236070,adult,Acropora digitifera,temp,control,29C,none,8156240,16381803,control
b1_Aguilar_hypoosmotic stress_PRJNA380267,SRR5374529,adult,Acropora millepora,salinity,low_salinity,1h_25psu_22gen_Amill,none,4210263,10420113,stressed
b1_Aguilar_hypoosmotic stress_PRJNA380267,SRR5374530,adult,Acropora millepora,salinity,low_salinity,1h_25psu_23gen_Amill,none,4956832,11835085,stressed
b1_Aguilar_hypoosmotic stress_PRJNA380267,SRR5374531,adult,Acropora millepora,salinity,low_salinity,1h_25psu_26gen_Amill,none,4656468,10980232,stressed
b1_Aguilar_hypoosmotic stress_PRJNA380267,SRR5374532,adult,Acropora millepora,salinity,low_salinity,1h_25psu_33gen_Amill,none,5215106,13312548,stressed
b1_Aguilar_hypoosmotic stress_PRJNA380267,SRR5374533,adult,Acropora millepora,salinity,low_salinity,1h_25psu_34gen_Amill,none,2984155,7826298,stressed
b1_Aguilar_hypoosmotic stress_PRJNA380267,SRR5374534,adult,Acropora millepora,salinity,control,1h_35psu_22gen_Amill,none,3710197,10383429,control
b1_Aguilar_hypoosmotic stress_PRJNA380267,SRR5374535,adult,Acropora millepora,salinity,control,1h_35psu_23gen_Amill,none,2756994,7350003,control
b1_Aguilar_hypoosmotic stress_PRJNA380267,SRR5374536,adult,Acropora millepora,salinity,control,1h_35psu_26gen_Amill,none,3992944,9458133,control
b1_Aguilar_hypoosmotic stress_PRJNA380267,SRR5374537,adult,Acropora millepora,salinity,control,1h_35psu_33gen_Amill,none,5372543,13424934,control
b1_Aguilar_hypoosmotic stress_PRJNA380267,SRR5374538,adult,Acropora millepora,salinity,control,1h_35psu_34gen_Amill,none,4017824,10508521,control
b1_Aguilar_hypoosmotic stress_PRJNA380267,SRR5374539,adult,Acropora millepora,salinity,low_salinity,24h_25psu_23gen_Amill,none,4255959,10098221,stressed
b1_Aguilar_hypoosmotic stress_PRJNA380267,SRR5374540,adult,Acropora millepora,salinity,low_salinity,24h_25psu_33gen_Amill,none,3565116,8128730,stressed
b1_Aguilar_hypoosmotic stress_PRJNA380267,SRR5374541,adult,Acropora millepora,salinity,low_salinity,24h_25psu_34gen_Amill,none,3544059,8560092,stressed
b1_Aguilar_hypoosmotic stress_PRJNA380267,SRR5374542,adult,Acropora millepora,salinity,control,24h_35psu_22gen_Amill,none,2705268,7186447,control
b1_Aguilar_hypoosmotic stress_PRJNA380267,SRR5374543,adult,Acropora millepora,salinity,control,24h_35psu_23gen_Amill,none,4326756,11844216,control
b1_Aguilar_hypoosmotic stress_PRJNA380267,SRR5374544,adult,Acropora millepora,salinity,control,24h_35psu_26gen_Amill,none,4833216,12096922,control
b1_Aguilar_hypoosmotic stress_PRJNA380267,SRR5374545,adult,Acropora millepora,salinity,control,24h_35psu_33gen_Amill,none,3078958,7876713,control
b1_Aguilar_hypoosmotic stress_PRJNA380267,SRR5374546,adult,Acropora millepora,salinity,control,24h_35psu_34gen_Amill,none,3345183,10079608,control
b1_Aguilar_hypoosmotic stress_PRJNA380267,SRR5374547,recruit,Acropora millepora,salinity,control,24h_35psu_180_Amill,none,5250586,7701033,control
b1_Aguilar_hypoosmotic stress_PRJNA380267,SRR5374548,recruit,Acropora millepora,salinity,control,24h_35psu_181_Amill,none,4096554,6229651,control
b1_Aguilar_hypoosmotic stress_PRJNA380267,SRR5374549,recruit,Acropora millepora,salinity,control,24h_35psu_186_Amill,none,6590390,9900736,control
b1_Aguilar_hypoosmotic stress_PRJNA380267,SRR5374550,recruit,Acropora millepora,salinity,control,24h_35psu_187_Amill,none,6633471,11079939,control
b1_Aguilar_hypoosmotic stress_PRJNA380267,SRR5374551,recruit,Acropora millepora,salinity,control,24h_35psu_192_Amill,none,6214445,9812732,control
b1_Aguilar_hypoosmotic stress_PRJNA380267,SRR5374552,recruit,Acropora millepora,salinity,control,24h_35psu_193_Amill,none,5203283,7962223,control
b1_Aguilar_hypoosmotic stress_PRJNA380267,SRR5374553,recruit,Acropora millepora,salinity,low_salinity,24h_28psu_196_Amill,none,7187520,10763465,stressed
b1_Aguilar_hypoosmotic stress_PRJNA380267,SRR5374554,recruit,Acropora millepora,salinity,low_salinity,24h_28psu_197_Amill,none,5418761,7960382,stressed
b1_Aguilar_hypoosmotic stress_PRJNA380267,SRR5374555,recruit,Acropora millepora,salinity,low_salinity,24h_28psu_202_Amill,none,6377037,9528406,stressed
b1_Aguilar_hypoosmotic stress_PRJNA380267,SRR5374556,recruit,Acropora millepora,salinity,low_salinity,24h_28psu_203_Amill,none,5335965,8245512,stressed
b1_Aguilar_hypoosmotic stress_PRJNA380267,SRR5374557,recruit,Acropora millepora,salinity,low_salinity,24h_28psu_208_Amill,none,3979566,6042591,stressed
b1_Aguilar_hypoosmotic stress_PRJNA380267,SRR5374558,recruit,Acropora millepora,salinity,low_salinity,24h_28psu_209_Amill,none,5502319,8262098,stressed
b1_Aguilar_hypoosmotic stress_PRJNA380267,SRR5374559,recruit,Acropora millepora,salinity,control,48h_35psu_214_Amill,none,5754353,8436866,control
b1_Aguilar_hypoosmotic stress_PRJNA380267,SRR5374560,recruit,Acropora millepora,salinity,control,48h_35psu_215_Amill,none,4334612,6609828,control
b1_Aguilar_hypoosmotic stress_PRJNA380267,SRR5374561,recruit,Acropora millepora,salinity,control,48h_35psu_220_Amill,none,4361289,6660444,control
b1_Aguilar_hypoosmotic stress_PRJNA380267,SRR5374562,recruit,Acropora millepora,salinity,control,48h_35psu_222_Amill,none,6514310,9944146,control
b1_Aguilar_hypoosmotic stress_PRJNA380267,SRR5374563,recruit,Acropora millepora,salinity,control,48h_35psu_226_Amill,none,6317126,9476438,control
b1_Aguilar_hypoosmotic stress_PRJNA380267,SRR5374564,recruit,Acropora millepora,salinity,low_salinity,48h_28psu_222_Amill,none,6384649,9441121,stressed
b1_Aguilar_hypoosmotic stress_PRJNA380267,SRR5374565,recruit,Acropora millepora,salinity,low_salinity,48h_28psu_233_Amill,none,5593887,8312066,stressed
b1_Aguilar_hypoosmotic stress_PRJNA380267,SRR5374566,recruit,Acropora millepora,salinity,low_salinity,48h_28psu_238_Amill,none,3291204,4851716,stressed
b1_Aguilar_hypoosmotic stress_PRJNA380267,SRR5374567,recruit,Acropora millepora,salinity,low_salinity,48h_28psu_239_Amill,none,5094969,7758165,stressed
b1_Aguilar_hypoosmotic stress_PRJNA380267,SRR5374568,recruit,Acropora millepora,salinity,low_salinity,48h_28psu_244_Amill,none,3748315,5584392,stressed
b1_Aguilar_hypoosmotic stress_PRJNA380267,SRR5374569,recruit,Acropora millepora,salinity,low_salinity,48h_28psu_245_Amill,none,2891098,4361404,stressed
b1_Aguilar_hypoosmotic stress_PRJNA380267,SRR5378429,adult,Acropora millepora,salinity,low_salinity,1h_25psu_22gen_Amill rep 2,none,4310432,10958039,stressed
b1_Aguilar_hypoosmotic stress_PRJNA380267,SRR5378430,adult,Acropora millepora,salinity,control,1h_35psu_22gen_Amill rep 2,none,4637841,12449487,control
b1_Aguilar_hypoosmotic stress_PRJNA380267,SRR5378431,adult,Acropora millepora,salinity,low_salinity,24h_25psu_23gen_Amill rep 2,none,5923573,13721967,stressed
b1_Aguilar_hypoosmotic stress_PRJNA380267,SRR5378432,adult,Acropora millepora,salinity,control,24h_35psu_22gen_Amill rep 2,none,4495009,12378721,control
d1_mohamed_microalga_PRJNA398338,SRR5934181,larval,Acropora digitifera,immune,challenge,Negative_control_12h_rep2,none,13411382,24035359,stressed
d1_mohamed_microalga_PRJNA398338,SRR5934178,larval,Acropora digitifera,immune,control,Chromera_infected_04h_rep1,none,10782426,26204349,control
d1_mohamed_microalga_PRJNA398338,SRR5934180,larval,Acropora digitifera,immune,control,Chromera_infected_04h_rep3,none,14039158,31698401,control
d1_mohamed_microalga_PRJNA398338,SRR5934182,larval,Acropora digitifera,immune,challenge,Negative_control_12h_rep3,none,12980884,25197830,stressed
d1_mohamed_microalga_PRJNA398338,SRR5934184,larval,Acropora digitifera,immune,control,Chromera_infected_12h_rep2,none,13546263,26639362,control
d1_mohamed_microalga_PRJNA398338,SRR5934183,larval,Acropora digitifera,immune,control,Chromera_infected_12h_rep1,none,11828495,25557352,control
d1_mohamed_microalga_PRJNA398338,SRR5934185,larval,Acropora digitifera,immune,control,Chromera_infected_12h_rep3,none,10773223,23800967,control
d1_mohamed_microalga_PRJNA398338,SRR5934186,larval,Acropora digitifera,immune,challenge,Negative_control_48h_rep1,none,11024267,21477166,stressed
d1_mohamed_microalga_PRJNA398338,SRR5934187,larval,Acropora digitifera,immune,challenge,Negative_control_48h_rep2,none,7726561,15729866,stressed
d1_mohamed_microalga_PRJNA398338,SRR5934188,larval,Acropora digitifera,immune,challenge,Negative_control_48h_rep3,none,13153295,24849108,stressed
d1_mohamed_microalga_PRJNA398338,SRR5934189,larval,Acropora digitifera,immune,control,Chromera_infected_48h_rep1,none,11505889,26530067,control
d1_mohamed_microalga_PRJNA398338,SRR5934190,larval,Acropora digitifera,immune,control,Chromera_infected_48h_rep2,none,9081937,24465990,control
d1_mohamed_microalga_PRJNA398338,SRR5934191,larval,Acropora digitifera,immune,control,Chromera_infected_48h_rep3,none,9908104,27855959,control
d1_mohamed_microalga_PRJNA398338,SRR5934177,larval,Acropora digitifera,immune,challenge,Negative_control_04h_rep3,none,10446844,20912751,stressed
d1_mohamed_microalga_PRJNA398338,SRR5934175,larval,Acropora digitifera,immune,challenge,Negative_control_04h_rep1,none,11025357,22430563,stressed
d1_mohamed_microalga_PRJNA398338,SRR5934179,larval,Acropora digitifera,immune,control,Chromera_infected_04h_rep2,none,11014453,25721449,control
d1_mohamed_microalga_PRJNA398338,SRR5934176,larval,Acropora digitifera,immune,challenge,Negative_control_04h_rep2,none,9803543,19542091,stressed
f1_parkinson_hotCold_PRJNA423227,SRR6396371,adult,Acropora cervicornis,temp,control,1hr_24-28c_summer_Miami,none,4521894,42189417,control
f1_parkinson_hotCold_PRJNA423227,SRR6396373,adult,Acropora cervicornis,temp,heat,1hr_35C_summer_Miami,none,4882630,38599594,stressed
f1_parkinson_hotCold_PRJNA423227,SRR6396374,adult,Acropora cervicornis,temp,control,1hr_24-28C_summer_LowerKeys,none,3021004,48948847,control
f1_parkinson_hotCold_PRJNA423227,SRR6396375,adult,Acropora cervicornis,temp,cold,1hr_10C_summer_Miami,none,3596311,37174155,stressed
f1_parkinson_hotCold_PRJNA423227,SRR6396376,adult,Acropora cervicornis,temp,heat,1hr_35C_summer_LowerKeys,none,3037725,37330899,stressed
f1_parkinson_hotCold_PRJNA423227,SRR6396377,adult,Acropora cervicornis,temp,control,1hr_24-28C_winter_Miami,none,5496904,39323153,control
f1_parkinson_hotCold_PRJNA423227,SRR6396378,adult,Acropora cervicornis,temp,cold,1hr_10C_winter_LowerKeys,none,4764083,40518257,stressed
f1_parkinson_hotCold_PRJNA423227,SRR6396379,adult,Acropora cervicornis,temp,heat,1hr_35C_winter_Miami,none,5847834,38374168,stressed
f1_parkinson_hotCold_PRJNA423227,SRR6396380,adult,Acropora cervicornis,temp,control,1hr_24-28C_winter_LowerKeys,none,4934393,37935971,control
f1_parkinson_hotCold_PRJNA423227,SRR6396381,adult,Acropora cervicornis,temp,cold,1hr_10C_winter_Miami,none,4834146,35487235,stressed
f1_parkinson_hotCold_PRJNA423227,SRR6396382,adult,Acropora cervicornis,temp,heat,1hr_35C_winter_LowerKeys,none,5268665,37602471,stressed
f1_parkinson_hotCold_PRJNA423227,SRR6396372,adult,Acropora cervicornis,temp,cold,1hr_10C_summer_LowerKeys,none,6294930,35994276,stressed
k1_Palumbi_lab_heat_resilience_PRJNA274410,SRR1812166,adult,Acropora hyacinthus,temp,control,X12_86_300_c_5h,none,2443150,12778011,control
k1_Palumbi_lab_heat_resilience_PRJNA274410,SRR1812167,adult,Acropora hyacinthus,temp,control,X2_6_300_c_5h,none,2465168,15641172,control
k1_Palumbi_lab_heat_resilience_PRJNA274410,SRR1812168,adult,Acropora hyacinthus,temp,control,X26_27_300_c_5h,none,2335988,15912475,control
k1_Palumbi_lab_heat_resilience_PRJNA274410,SRR1812169,adult,Acropora hyacinthus,temp,control,X30_87_300_c_5h,none,2120712,11729564,control
k1_Palumbi_lab_heat_resilience_PRJNA274410,SRR1812170,adult,Acropora hyacinthus,temp,control,X34_83_300_c_5h,none,2785202,16189295,control
k1_Palumbi_lab_heat_resilience_PRJNA274410,SRR1812171,adult,Acropora hyacinthus,temp,control,X36_85_300_c_5h,none,2332504,13334847,control
k1_Palumbi_lab_heat_resilience_PRJNA274410,SRR1812172,adult,Acropora hyacinthus,temp,control,X56_75_300_c_5h,none,3081462,16600423,control
k1_Palumbi_lab_heat_resilience_PRJNA274410,SRR1812173,adult,Acropora hyacinthus,temp,control,X58_4_300_c_5h,none,2527473,14449010,control
k1_Palumbi_lab_heat_resilience_PRJNA274410,SRR1812174,adult,Acropora hyacinthus,temp,control,X60_7_300_c_5h,none,2379692,14267316,control
k1_Palumbi_lab_heat_resilience_PRJNA274410,SRR1812175,adult,Acropora hyacinthus,temp,control,X62_88_300_c_5h,none,1682645,12562144,control
k1_Palumbi_lab_heat_resilience_PRJNA274410,SRR1812176,adult,Acropora hyacinthus,temp,heat,X24_86_300_h_5h,none,1742912,12370134,stressed
k1_Palumbi_lab_heat_resilience_PRJNA274410,SRR1812177,adult,Acropora hyacinthus,temp,heat,X14_6_300_h_5h,none,1798453,14757896,stressed
k1_Palumbi_lab_heat_resilience_PRJNA274410,SRR1812178,adult,Acropora hyacinthus,temp,heat,X38_27_300_h_5h,none,2413660,21495396,stressed
k1_Palumbi_lab_heat_resilience_PRJNA274410,SRR1812179,adult,Acropora hyacinthus,temp,heat,X42_87_300_h_5h,none,1806112,11336544,stressed
k1_Palumbi_lab_heat_resilience_PRJNA274410,SRR1812180,adult,Acropora hyacinthus,temp,heat,X46_83_300_h_5h,none,2146163,12638368,stressed
k1_Palumbi_lab_heat_resilience_PRJNA274410,SRR1812181,adult,Acropora hyacinthus,temp,heat,X48_85_300_h_5h,none,1987130,11774547,stressed
k1_Palumbi_lab_heat_resilience_PRJNA274410,SRR1812182,adult,Acropora hyacinthus,temp,heat,X70_75_300_h_5h,none,2674373,20136626,stressed
k1_Palumbi_lab_heat_resilience_PRJNA274410,SRR1812183,adult,Acropora hyacinthus,temp,heat,X72_4_300_h_5h,none,1459188,16333244,stressed
k1_Palumbi_lab_heat_resilience_PRJNA274410,SRR1812184,adult,Acropora hyacinthus,temp,heat,X74_7_300_h_5h,none,2054298,17522364,stressed
k1_Palumbi_lab_heat_resilience_PRJNA274410,SRR1812185,adult,Acropora hyacinthus,temp,heat,X76_88_300_h_5h,none,1894217,13632540,stressed
k1_Palumbi_lab_heat_resilience_PRJNA274410,SRR1812186,adult,Acropora hyacinthus,temp,control,X27_102_400_c_5h,none,2393925,13466085,control
k1_Palumbi_lab_heat_resilience_PRJNA274410,SRR1812187,adult,Acropora hyacinthus,temp,control,X3_70_400_c_5h,none,3138521,16319629,control
k1_Palumbi_lab_heat_resilience_PRJNA274410,SRR1812188,adult,Acropora hyacinthus,temp,control,X31_28_400_c_5h,none,2087342,11251455,control
k1_Palumbi_lab_heat_resilience_PRJNA274410,SRR1812189,adult,Acropora hyacinthus,temp,control,X33_11_400_c_5h,none,2800407,15630171,control
k1_Palumbi_lab_heat_resilience_PRJNA274410,SRR1812190,adult,Acropora hyacinthus,temp,control,X49_89_400_c_5h,none,3079755,14536378,control
k1_Palumbi_lab_heat_resilience_PRJNA274410,SRR1812191,adult,Acropora hyacinthus,temp,control,X5_65_400_c_5h,none,2763017,13523938,control
k1_Palumbi_lab_heat_resilience_PRJNA274410,SRR1812192,adult,Acropora hyacinthus,temp,control,X51_68_400_c_5h,none,3110371,16922482,control
k1_Palumbi_lab_heat_resilience_PRJNA274410,SRR1812193,adult,Acropora hyacinthus,temp,control,X53_64_400_c_5h,none,2939873,14541609,control
k1_Palumbi_lab_heat_resilience_PRJNA274410,SRR1812194,adult,Acropora hyacinthus,temp,control,X7_40_400_c_5h,none,2341131,13505758,control
k1_Palumbi_lab_heat_resilience_PRJNA274410,SRR1812195,adult,Acropora hyacinthus,temp,heat,X39_102_400_h_5h,none,2201208,17035885,stressed
k1_Palumbi_lab_heat_resilience_PRJNA274410,SRR1812196,adult,Acropora hyacinthus,temp,heat,X15_70_400_h_5h,none,2578756,17512537,stressed
k1_Palumbi_lab_heat_resilience_PRJNA274410,SRR1812197,adult,Acropora hyacinthus,temp,heat,X43_28_400_h_5h,none,1924101,11899752,stressed
k1_Palumbi_lab_heat_resilience_PRJNA274410,SRR1812198,adult,Acropora hyacinthus,temp,heat,X45_11_400_h_5h,none,2818569,15139306,stressed
k1_Palumbi_lab_heat_resilience_PRJNA274410,SRR1812199,adult,Acropora hyacinthus,temp,heat,X63_89_400_h_5h,none,2911649,19930111,stressed
k1_Palumbi_lab_heat_resilience_PRJNA274410,SRR1812200,adult,Acropora hyacinthus,temp,heat,X17_65_400_h_5h,none,2002301,14074215,stressed
k1_Palumbi_lab_heat_resilience_PRJNA274410,SRR1812201,adult,Acropora hyacinthus,temp,heat,X65_68_400_h_5h,none,2039178,14297611,stressed
k1_Palumbi_lab_heat_resilience_PRJNA274410,SRR1812202,adult,Acropora hyacinthus,temp,heat,X67_64_400_h_5h,none,2064107,12461975,stressed
k1_Palumbi_lab_heat_resilience_PRJNA274410,SRR1812203,adult,Acropora hyacinthus,temp,heat,X19_40_400_h_5h,none,1430558,11893668,stressed
k1_Palumbi_lab_heat_resilience_PRJNA274410,SRR1812204,adult,Acropora hyacinthus,temp,control,X11_86_400_c_5h,none,2493971,12879008,control
k1_Palumbi_lab_heat_resilience_PRJNA274410,SRR1812205,adult,Acropora hyacinthus,temp,control,X1_6_400_c_5h,none,2465170,13088805,control
k1_Palumbi_lab_heat_resilience_PRJNA274410,SRR1812206,adult,Acropora hyacinthus,temp,control,X25_27_400_c_5h,none,2193833,11496397,control
k1_Palumbi_lab_heat_resilience_PRJNA274410,SRR1812207,adult,Acropora hyacinthus,temp,control,X29_87_400_c_5h,none,2375681,13357979,control
k1_Palumbi_lab_heat_resilience_PRJNA274410,SRR1812208,adult,Acropora hyacinthus,temp,control,X9_83_400_c_5h,none,2714363,12451252,control
k1_Palumbi_lab_heat_resilience_PRJNA274410,SRR1812209,adult,Acropora hyacinthus,temp,control,X35_85_400_c_5h,none,2311693,14055020,control
k1_Palumbi_lab_heat_resilience_PRJNA274410,SRR1812210,adult,Acropora hyacinthus,temp,control,X55_75_400_c_5h,none,2964212,14855986,control
k1_Palumbi_lab_heat_resilience_PRJNA274410,SRR1812211,adult,Acropora hyacinthus,temp,control,X57_4_400_c_5h,none,3304258,17749200,control
k1_Palumbi_lab_heat_resilience_PRJNA274410,SRR1812212,adult,Acropora hyacinthus,temp,control,X59_7_400_c_5h,none,2797847,14490992,control
k1_Palumbi_lab_heat_resilience_PRJNA274410,SRR1812213,adult,Acropora hyacinthus,temp,control,X61_88_400_c_5h,none,2907160,13777174,control
k1_Palumbi_lab_heat_resilience_PRJNA274410,SRR1812214,adult,Acropora hyacinthus,temp,heat,X23_86_400_h_5h,none,1864977,13554492,stressed
k1_Palumbi_lab_heat_resilience_PRJNA274410,SRR1812215,adult,Acropora hyacinthus,temp,heat,X13_6_400_h_5h,none,2083814,12916523,stressed
k1_Palumbi_lab_heat_resilience_PRJNA274410,SRR1812216,adult,Acropora hyacinthus,temp,heat,X37_27_400_h_5h,none,1947689,16142154,stressed
k1_Palumbi_lab_heat_resilience_PRJNA274410,SRR1812217,adult,Acropora hyacinthus,temp,heat,X41_87_400_h_5h,none,1869338,13252839,stressed
k1_Palumbi_lab_heat_resilience_PRJNA274410,SRR1812218,adult,Acropora hyacinthus,temp,heat,X21_83_400_h_5h,none,2186042,14834341,stressed
k1_Palumbi_lab_heat_resilience_PRJNA274410,SRR1812219,adult,Acropora hyacinthus,temp,heat,X47_85_400_h_5h,none,1849722,10429404,stressed
k1_Palumbi_lab_heat_resilience_PRJNA274410,SRR1812220,adult,Acropora hyacinthus,temp,heat,X69_75_400_h_5h,none,2106832,12899429,stressed
k1_Palumbi_lab_heat_resilience_PRJNA274410,SRR1812221,adult,Acropora hyacinthus,temp,heat,X71_4_400_h_5h,none,2108196,13929254,stressed
k1_Palumbi_lab_heat_resilience_PRJNA274410,SRR1812222,adult,Acropora hyacinthus,temp,heat,X73_7_400_h_5h,none,2026660,14674810,stressed
k1_Palumbi_lab_heat_resilience_PRJNA274410,SRR1812223,adult,Acropora hyacinthus,temp,heat,X75_88_400_h_5h,none,2642703,16124525,stressed
k1_Palumbi_lab_heat_resilience_PRJNA274410,SRR1812224,adult,Acropora hyacinthus,temp,control,X28_102_300_c_5h,none,2432264,13713068,control
k1_Palumbi_lab_heat_resilience_PRJNA274410,SRR1812225,adult,Acropora hyacinthus,temp,control,X4_70_300_c_5h,none,2228441,13395971,control
k1_Palumbi_lab_heat_resilience_PRJNA274410,SRR1812226,adult,Acropora hyacinthus,temp,control,X32_28_300_c_5h,none,2340569,12902605,control
k1_Palumbi_lab_heat_resilience_PRJNA274410,SRR1812227,adult,Acropora hyacinthus,temp,control,X10_11_300_c_5h,none,2122179,12966848,control
k1_Palumbi_lab_heat_resilience_PRJNA274410,SRR1812228,adult,Acropora hyacinthus,temp,control,X50_89_300_c_5h,none,3354335,18384678,control
k1_Palumbi_lab_heat_resilience_PRJNA274410,SRR1812229,adult,Acropora hyacinthus,temp,control,X6_65_300_c_5h,none,2252735,13287750,control
k1_Palumbi_lab_heat_resilience_PRJNA274410,SRR1812230,adult,Acropora hyacinthus,temp,control,X52_61_300_c_5h,none,2834119,15489605,control
k1_Palumbi_lab_heat_resilience_PRJNA274410,SRR1812231,adult,Acropora hyacinthus,temp,control,X54_64_300_c_5h,none,2181826,13707939,control
k1_Palumbi_lab_heat_resilience_PRJNA274410,SRR1812232,adult,Acropora hyacinthus,temp,control,X8_40_300_c_5h,none,2571473,16969360,control
k1_Palumbi_lab_heat_resilience_PRJNA274410,SRR1812233,adult,Acropora hyacinthus,temp,heat,X40_102_300_h_5h,none,2268455,15324647,stressed
k1_Palumbi_lab_heat_resilience_PRJNA274410,SRR1812234,adult,Acropora hyacinthus,temp,heat,X16_70_300_h_5h,none,2018065,14238843,stressed
k1_Palumbi_lab_heat_resilience_PRJNA274410,SRR1812235,adult,Acropora hyacinthus,temp,heat,X44_28_300_h_5h,none,2255278,13567174,stressed
k1_Palumbi_lab_heat_resilience_PRJNA274410,SRR1812236,adult,Acropora hyacinthus,temp,heat,X22_11_300_h_5h,none,2128329,16444074,stressed
k1_Palumbi_lab_heat_resilience_PRJNA274410,SRR1812237,adult,Acropora hyacinthus,temp,heat,X64_89_300_h_5h,none,2179224,16365761,stressed
k1_Palumbi_lab_heat_resilience_PRJNA274410,SRR1812238,adult,Acropora hyacinthus,temp,heat,X18_65_300_h_5h,none,2307113,13478359,stressed
k1_Palumbi_lab_heat_resilience_PRJNA274410,SRR1812239,adult,Acropora hyacinthus,temp,heat,X66_61_300_h_5h,none,2006420,14025814,stressed
k1_Palumbi_lab_heat_resilience_PRJNA274410,SRR1812240,adult,Acropora hyacinthus,temp,heat,X68_64_300_h_5h,none,1785649,13265666,stressed
k1_Palumbi_lab_heat_resilience_PRJNA274410,SRR1812241,adult,Acropora hyacinthus,temp,heat,X20_40_300_h_5h,none,1511106,12821776,stressed
k1_Palumbi_lab_heat_resilience_PRJNA274410,SRR1812242,adult,Acropora hyacinthus,temp,control,X140_86_300_c_20h,none,2746461,16123368,control
k1_Palumbi_lab_heat_resilience_PRJNA274410,SRR1812243,adult,Acropora hyacinthus,temp,control,X130_6_300_c_20h,none,1881208,11496678,control
k1_Palumbi_lab_heat_resilience_PRJNA274410,SRR1812244,adult,Acropora hyacinthus,temp,control,X78_27_300_c_20h,none,2604186,12887323,control
k1_Palumbi_lab_heat_resilience_PRJNA274410,SRR1812245,adult,Acropora hyacinthus,temp,control,X82_87_300_c_20h,none,3099306,15439274,control
k1_Palumbi_lab_heat_resilience_PRJNA274410,SRR1812246,adult,Acropora hyacinthus,temp,control,X86_83_300_c_20h,none,2762450,13103995,control
k1_Palumbi_lab_heat_resilience_PRJNA274410,SRR1812247,adult,Acropora hyacinthus,temp,control,X88_85_300_c_20h,none,2765471,15465141,control
k1_Palumbi_lab_heat_resilience_PRJNA274410,SRR1812248,adult,Acropora hyacinthus,temp,control,X108_75_300_c_20h,none,1217877,10452228,control
k1_Palumbi_lab_heat_resilience_PRJNA274410,SRR1812249,adult,Acropora hyacinthus,temp,control,X110_4_300_c_20h,none,2259942,11794924,control
k1_Palumbi_lab_heat_resilience_PRJNA274410,SRR1812250,adult,Acropora hyacinthus,temp,control,X112_7_300_c_20h,none,2424075,14239849,control
k1_Palumbi_lab_heat_resilience_PRJNA274410,SRR1812251,adult,Acropora hyacinthus,temp,control,X114_88_300_c_20h,none,1901613,17486858,control
k1_Palumbi_lab_heat_resilience_PRJNA274410,SRR1812252,adult,Acropora hyacinthus,temp,heat,X152_86_300_h_20h,none,3264075,20286338,stressed
k1_Palumbi_lab_heat_resilience_PRJNA274410,SRR1812253,adult,Acropora hyacinthus,temp,heat,X142_6_300_h_20h,none,2105226,11023468,stressed
k1_Palumbi_lab_heat_resilience_PRJNA274410,SRR1812254,adult,Acropora hyacinthus,temp,heat,X90_27_300_h_20h,none,2602604,16286308,stressed
k1_Palumbi_lab_heat_resilience_PRJNA274410,SRR1812255,adult,Acropora hyacinthus,temp,heat,X94_87_300_h_20h,none,2226541,12590060,stressed
k1_Palumbi_lab_heat_resilience_PRJNA274410,SRR1812256,adult,Acropora hyacinthus,temp,heat,X98_83_300_h_20h,none,2216235,10797138,stressed
k1_Palumbi_lab_heat_resilience_PRJNA274410,SRR1812257,adult,Acropora hyacinthus,temp,heat,X100_85_300_h_20h,none,2344802,12369993,stressed
k1_Palumbi_lab_heat_resilience_PRJNA274410,SRR1812258,adult,Acropora hyacinthus,temp,heat,X122_75_300_h_20h,none,1987109,13605831,stressed
k1_Palumbi_lab_heat_resilience_PRJNA274410,SRR1812259,adult,Acropora hyacinthus,temp,heat,X124_4_300_h_20h,none,1837939,12964724,stressed
k1_Palumbi_lab_heat_resilience_PRJNA274410,SRR1812260,adult,Acropora hyacinthus,temp,heat,X126_7_300_h_20h,none,3196120,22095469,stressed
k1_Palumbi_lab_heat_resilience_PRJNA274410,SRR1812261,adult,Acropora hyacinthus,temp,heat,X128_88_300_h_20h,none,1688375,14343877,stressed
k1_Palumbi_lab_heat_resilience_PRJNA274410,SRR1812262,adult,Acropora hyacinthus,temp,control,X79_102_400_c_20h,none,3165830,16829487,control
k1_Palumbi_lab_heat_resilience_PRJNA274410,SRR1812263,adult,Acropora hyacinthus,temp,control,X131_70_400_c_20h,none,2245031,11303325,control
k1_Palumbi_lab_heat_resilience_PRJNA274410,SRR1812264,adult,Acropora hyacinthus,temp,control,X83_28_400_c_20h,none,2835363,15746314,control
k1_Palumbi_lab_heat_resilience_PRJNA274410,SRR1812265,adult,Acropora hyacinthus,temp,control,X85_11_400_c_20h,none,2861381,16950351,control
k1_Palumbi_lab_heat_resilience_PRJNA274410,SRR1812266,adult,Acropora hyacinthus,temp,control,X101_89_400_c_20h,none,2809460,14764950,control
k1_Palumbi_lab_heat_resilience_PRJNA274410,SRR1812267,adult,Acropora hyacinthus,temp,control,X133_65_400_c_20h,none,1887735,10798191,control
k1_Palumbi_lab_heat_resilience_PRJNA274410,SRR1812268,adult,Acropora hyacinthus,temp,control,X103_68_400_c_20h,none,3693800,20314962,control
k1_Palumbi_lab_heat_resilience_PRJNA274410,SRR1812269,adult,Acropora hyacinthus,temp,control,X105_64_400_c_20h,none,2851818,14841100,control
k1_Palumbi_lab_heat_resilience_PRJNA274410,SRR1812270,adult,Acropora hyacinthus,temp,control,X135_40_400_c_20h,none,2118791,15471461,control
k1_Palumbi_lab_heat_resilience_PRJNA274410,SRR1812271,adult,Acropora hyacinthus,temp,heat,X91_102_400_h_20h,none,2488547,15679314,stressed
k1_Palumbi_lab_heat_resilience_PRJNA274410,SRR1812272,adult,Acropora hyacinthus,temp,heat,X143_70_400_h_20h,none,2295079,11870402,stressed
k1_Palumbi_lab_heat_resilience_PRJNA274410,SRR1812273,adult,Acropora hyacinthus,temp,heat,X95_28_400_h_20h,none,2324281,12773093,stressed
k1_Palumbi_lab_heat_resilience_PRJNA274410,SRR1812274,adult,Acropora hyacinthus,temp,heat,X97_11_400_h_20h,none,2223288,11528773,stressed
k1_Palumbi_lab_heat_resilience_PRJNA274410,SRR1812275,adult,Acropora hyacinthus,temp,heat,X115_89_400_h_20h,none,2943416,14967733,stressed
k1_Palumbi_lab_heat_resilience_PRJNA274410,SRR1812276,adult,Acropora hyacinthus,temp,heat,X145_65_400_h_20h,none,2527910,17358612,stressed
k1_Palumbi_lab_heat_resilience_PRJNA274410,SRR1812277,adult,Acropora hyacinthus,temp,heat,X117_68_400_h_20h,none,2677893,13295235,stressed
k1_Palumbi_lab_heat_resilience_PRJNA274410,SRR1812278,adult,Acropora hyacinthus,temp,heat,X119_64_400_h_20h,none,2305092,12577578,stressed
k1_Palumbi_lab_heat_resilience_PRJNA274410,SRR1812279,adult,Acropora hyacinthus,temp,heat,X147_40_400_h_20h,none,2701963,15437462,stressed
k1_Palumbi_lab_heat_resilience_PRJNA274410,SRR1812280,adult,Acropora hyacinthus,temp,control,X139_86_400_c_20h,none,2555935,12438871,control
k1_Palumbi_lab_heat_resilience_PRJNA274410,SRR1812281,adult,Acropora hyacinthus,temp,control,X129_6_400_c_20h,none,2196343,12553038,control
k1_Palumbi_lab_heat_resilience_PRJNA274410,SRR1812282,adult,Acropora hyacinthus,temp,control,X77_27_400_c_20h,none,2492051,12898207,control
k1_Palumbi_lab_heat_resilience_PRJNA274410,SRR1812283,adult,Acropora hyacinthus,temp,control,X81_87_400_c_20h,none,3061136,19350737,control
k1_Palumbi_lab_heat_resilience_PRJNA274410,SRR1812284,adult,Acropora hyacinthus,temp,control,X137_83_400_c_20h,none,2226316,11299940,control
k1_Palumbi_lab_heat_resilience_PRJNA274410,SRR1812285,adult,Acropora hyacinthus,temp,control,X87_85_400_c_20h,none,2650698,15469702,control
k1_Palumbi_lab_heat_resilience_PRJNA274410,SRR1812286,adult,Acropora hyacinthus,temp,control,X107_75_400_c_20h,none,2633537,13559618,control
k1_Palumbi_lab_heat_resilience_PRJNA274410,SRR1812287,adult,Acropora hyacinthus,temp,control,X109_4_400_c_20h,none,2332327,11188156,control
k1_Palumbi_lab_heat_resilience_PRJNA274410,SRR1812288,adult,Acropora hyacinthus,temp,control,X111_7_400_c_20h,none,2024506,10846985,control
k1_Palumbi_lab_heat_resilience_PRJNA274410,SRR1812289,adult,Acropora hyacinthus,temp,control,X113_88_400_c_20h,none,2294104,11279205,control
k1_Palumbi_lab_heat_resilience_PRJNA274410,SRR1812290,adult,Acropora hyacinthus,temp,heat,X151_86_400_h_20h,none,735416,3301151,stressed
k1_Palumbi_lab_heat_resilience_PRJNA274410,SRR1812291,adult,Acropora hyacinthus,temp,heat,X141_6_400_h_20h,none,2276744,12882348,stressed
k1_Palumbi_lab_heat_resilience_PRJNA274410,SRR1812292,adult,Acropora hyacinthus,temp,heat,X89_27_400_h_20h,none,2568008,16705168,stressed
k1_Palumbi_lab_heat_resilience_PRJNA274410,SRR1812293,adult,Acropora hyacinthus,temp,heat,X93_87_400_h_20h,none,2238332,12286132,stressed
k1_Palumbi_lab_heat_resilience_PRJNA274410,SRR1812294,adult,Acropora hyacinthus,temp,heat,X149_83_400_h_20h,none,1779213,11405492,stressed
k1_Palumbi_lab_heat_resilience_PRJNA274410,SRR1812295,adult,Acropora hyacinthus,temp,heat,X99_85_400_h_20h,none,1854085,10169343,stressed
k1_Palumbi_lab_heat_resilience_PRJNA274410,SRR1812296,adult,Acropora hyacinthus,temp,heat,X121_75_400_h_20h,none,2598874,15059759,stressed
k1_Palumbi_lab_heat_resilience_PRJNA274410,SRR1812297,adult,Acropora hyacinthus,temp,heat,X123_4_400_h_20h,none,2961936,16276746,stressed
k1_Palumbi_lab_heat_resilience_PRJNA274410,SRR1812298,adult,Acropora hyacinthus,temp,heat,X125_7_400_h_20h,none,2277417,12705075,stressed
k1_Palumbi_lab_heat_resilience_PRJNA274410,SRR1812299,adult,Acropora hyacinthus,temp,heat,X127_88_400_h_20h,none,2989617,16566768,stressed
k1_Palumbi_lab_heat_resilience_PRJNA274410,SRR1812300,adult,Acropora hyacinthus,temp,control,X80_102_300_c_20h,none,1887900,13598774,control
k1_Palumbi_lab_heat_resilience_PRJNA274410,SRR1812301,adult,Acropora hyacinthus,temp,control,X132_70_300_c_20h,none,2117078,11176275,control
k1_Palumbi_lab_heat_resilience_PRJNA274410,SRR1812302,adult,Acropora hyacinthus,temp,control,X84_28_300_c_20h,none,2472825,13130481,control
k1_Palumbi_lab_heat_resilience_PRJNA274410,SRR1812303,adult,Acropora hyacinthus,temp,control,X138_11_300_c_20h,none,1958582,11886237,control
k1_Palumbi_lab_heat_resilience_PRJNA274410,SRR1812304,adult,Acropora hyacinthus,temp,control,X102_89_300_c_20h,none,2519125,14459379,control
k1_Palumbi_lab_heat_resilience_PRJNA274410,SRR1812305,adult,Acropora hyacinthus,temp,control,X134_65_300_c_20h,none,2158328,13086161,control
k1_Palumbi_lab_heat_resilience_PRJNA274410,SRR1812306,adult,Acropora hyacinthus,temp,control,X104_61_300_c_20h,none,1976851,12006720,control
k1_Palumbi_lab_heat_resilience_PRJNA274410,SRR1812307,adult,Acropora hyacinthus,temp,control,X106_64_300_c_20h,none,2766770,15505953,control
k1_Palumbi_lab_heat_resilience_PRJNA274410,SRR1812308,adult,Acropora hyacinthus,temp,control,X136_40_300_c_20h,none,2210811,11317404,control
k1_Palumbi_lab_heat_resilience_PRJNA274410,SRR1812309,adult,Acropora hyacinthus,temp,heat,X92_102_300_h_20h,none,2829541,14333508,stressed
k1_Palumbi_lab_heat_resilience_PRJNA274410,SRR1812310,adult,Acropora hyacinthus,temp,heat,X144_70_300_h_20h,none,2098922,11262780,stressed
k1_Palumbi_lab_heat_resilience_PRJNA274410,SRR1812311,adult,Acropora hyacinthus,temp,heat,X96_28_300_h_20h,none,2784828,16110504,stressed
k1_Palumbi_lab_heat_resilience_PRJNA274410,SRR1812312,adult,Acropora hyacinthus,temp,heat,X150_11_300_h_20h,none,1778661,15469094,stressed
k1_Palumbi_lab_heat_resilience_PRJNA274410,SRR1812313,adult,Acropora hyacinthus,temp,heat,X116_89_300_h_20h,none,2434348,13966652,stressed
k1_Palumbi_lab_heat_resilience_PRJNA274410,SRR1812314,adult,Acropora hyacinthus,temp,heat,X146_65_300_h_20h,none,1915542,11549312,stressed
k1_Palumbi_lab_heat_resilience_PRJNA274410,SRR1812315,adult,Acropora hyacinthus,temp,heat,X118_61_300_h_20h,none,1702798,11034491,stressed
k1_Palumbi_lab_heat_resilience_PRJNA274410,SRR1812316,adult,Acropora hyacinthus,temp,heat,X120_64_300_h_20h,none,2179072,12818694,stressed
k1_Palumbi_lab_heat_resilience_PRJNA274410,SRR1812317,adult,Acropora hyacinthus,temp,heat,X148_40_300_h_20h,none,1910489,15251660,stressed
